DESCRIZIONE1,COUNTRY,COUNTRY_CODE,MACRO_AREA,MICRO_AREA,Delta,Numero Macchine
NASTRO,AFGHANISTAN,AF,ASIA,RUME3,12200.0,3.0
PROFILO,AFGHANISTAN,AF,ASIA,RUME3,750.0,3.0
VITE TSPEI,AFGHANISTAN,AF,ASIA,RUME3,278.0,3.0
VITE TE,AFGHANISTAN,AF,ASIA,RUME3,212.0,3.0
CUSCINETTO A SFERE,AFGHANISTAN,AF,ASIA,RUME3,122.0,3.0
NASTRO,ALBANIA,AL,EUROPA,NOCE4,21350.215624999997,27.0
PROFILO,ALBANIA,AL,EUROPA,NOCE4,700.0,27.0
VITE TBEI,ALBANIA,AL,EUROPA,NOCE4,420.0,27.0
MOLLA,ALBANIA,AL,EUROPA,NOCE4,261.0,27.0
PIATTO,ALBANIA,AL,EUROPA,NOCE4,162.0,27.0
NASTRO,ALGERIA,DZ,AFRICA,AFSE1,305506.56929687504,395.0
PROFILO,ALGERIA,DZ,AFRICA,AFSE1,55959.669921875,395.0
CATENA CERNIERA RETTILINEA,ALGERIA,DZ,AFRICA,AFSE1,12192.0,395.0
GUARNIZIONE,ALGERIA,DZ,AFRICA,AFSE1,10363.900390625,395.0
TAPPETO,ALGERIA,DZ,AFRICA,AFSE1,9574.0,395.0
FOTOCELLULA,ANDORRA,AD,EUROPA,NOCE4,6.0,13.0
INTERRUTTORE,ANDORRA,AD,EUROPA,NOCE4,4.0,13.0
INVERTER,ANDORRA,AD,EUROPA,NOCE4,4.0,13.0
SELETTORE,ANDORRA,AD,EUROPA,NOCE4,4.0,13.0
SENSORE,ANDORRA,AD,EUROPA,NOCE4,4.0,13.0
GUARNIZIONE,ANTIGUA AND BARBUDA,AG,AMERICA,AMIP4,5527.0,7.0
CUSCINETTO A SFERE,ANTIGUA AND BARBUDA,AG,AMERICA,AMIP4,1889.0,7.0
ANELLO,ANTIGUA AND BARBUDA,AG,AMERICA,AMIP4,1082.0,7.0
GUIDA,ANTIGUA AND BARBUDA,AG,AMERICA,AMIP4,940.0,7.0
DISPOSITIVO,ANTIGUA AND BARBUDA,AG,AMERICA,AMIP4,661.0,7.0
NASTRO,AUSTRALIA,AU,OCEANIA,FASP1,339028.39328125,85.0
PROFILO,AUSTRALIA,AU,OCEANIA,FASP1,15041.0,85.0
CATENA SEMPLICE,AUSTRALIA,AU,OCEANIA,FASP1,3161.80078125,85.0
PIATTO,AUSTRALIA,AU,OCEANIA,FASP1,1588.0,85.0
CUSCINETTO A SFERE,AUSTRALIA,AU,OCEANIA,FASP1,1519.0,85.0
NASTRO,AUSTRIA,AT,EUROPA,NOCE2,86250.833125,38.0
PROFILO,AUSTRIA,AT,EUROPA,NOCE2,1778.0,38.0
PIATTO,AUSTRIA,AT,EUROPA,NOCE2,700.0,38.0
ANELLO SEEGER,AUSTRIA,AT,EUROPA,NOCE2,434.0,38.0
CUSCINETTO A SFERE,AUSTRIA,AT,EUROPA,NOCE2,429.0,38.0
PROFILO,Angola (including Cabinda),AO,AFRICA,AFSE2,3536.0,18.0
GRANO,Angola (including Cabinda),AO,AFRICA,AFSE2,1460.0,18.0
GUARNIZIONE,Angola (including Cabinda),AO,AFRICA,AFSE2,1174.0,18.0
CUSCINETTO A SFERE,Angola (including Cabinda),AO,AFRICA,AFSE2,1027.0,18.0
VITE TCEI,Angola (including Cabinda),AO,AFRICA,AFSE2,902.0,18.0
NASTRO,Argentina,AR,AMERICA,AMIP3,42930.47625000001,60.0
PROFILO,Argentina,AR,AMERICA,AMIP3,699.9997265625007,60.0
RULLO,Argentina,AR,AMERICA,AMIP3,377.0,60.0
PRESA PREFORME 48 Snap-on,Argentina,AR,AMERICA,AMIP3,371.0,60.0
PIGNONE PER NASTRO,Argentina,AR,AMERICA,AMIP3,347.0,60.0
VITE TBEI,Armenia,AM,ASIA,RUME2,660.0,10.0
PROFILO,Armenia,AM,ASIA,RUME2,200.0,10.0
CUSCINETTO A SFERE,Armenia,AM,ASIA,RUME2,56.0,10.0
VENTOSA,Armenia,AM,ASIA,RUME2,39.0,10.0
LAMA,Armenia,AM,ASIA,RUME2,36.0,10.0
NASTRO,Azerbaijan,AZ,ASIA,RUME2,58069.733125,16.0
PROFILO,Azerbaijan,AZ,ASIA,RUME2,2566.0,16.0
CUSCINETTO A SFERE,Azerbaijan,AZ,ASIA,RUME2,833.0,16.0
PIATTO,Azerbaijan,AZ,ASIA,RUME2,493.0,16.0
GUIDA,Azerbaijan,AZ,ASIA,RUME2,480.0,16.0
CATENA CERNIERA DOPPIA,BAHRAIN,BH,ASIA,RUME2,12192.0,9.0
PROFILO,BAHRAIN,BH,ASIA,RUME2,1250.0,9.0
PETTINE DI TRASFERIMENTO,BAHRAIN,BH,ASIA,RUME2,215.0,9.0
PIATTO,BAHRAIN,BH,ASIA,RUME2,84.0,9.0
GRANO,BAHRAIN,BH,ASIA,RUME2,70.0,9.0
NASTRO,BANGLADESH,BD,ASIA,RUME3,124849.797734375,21.0
PROFILO,BANGLADESH,BD,ASIA,RUME3,17192.0,21.0
MOLLA,BANGLADESH,BD,ASIA,RUME3,2314.0,21.0
LAMPADA INFRAROSSO,BANGLADESH,BD,ASIA,RUME3,1947.0,21.0
GRUPPO RICAMBI,BANGLADESH,BD,ASIA,RUME3,1390.0,21.0
GUARNIZIONE,Belarus,BY,EUROPA,NOCE3,6323.0,27.0
NASTRO,Belarus,BY,EUROPA,NOCE3,6096.0,27.0
DISPOSITIVO,Belarus,BY,EUROPA,NOCE3,1272.0,27.0
ACCESSORI,Belarus,BY,EUROPA,NOCE3,1220.0,27.0
GUIDA,Belarus,BY,EUROPA,NOCE3,874.0,27.0
NASTRO,Belgium,BE,EUROPA,NOCE2,42712.1484375,28.0
PROFILO,Belgium,BE,EUROPA,NOCE2,2404.0,28.0
VITE TBEI,Belgium,BE,EUROPA,NOCE2,270.0,28.0
CUSCINETTO A SFERE,Belgium,BE,EUROPA,NOCE2,181.0,28.0
PIATTO,Belgium,BE,EUROPA,NOCE2,170.0,28.0
NASTRO,Benin,BJ,AFRICA,AFSE5,3929.396875,2.0
PROFILO,Benin,BJ,AFRICA,AFSE5,580.0,2.0
GUARNIZIONE,Benin,BJ,AFRICA,AFSE5,298.0,2.0
GRUPPO RICAMBI,Benin,BJ,AFRICA,AFSE5,246.0,2.0
PRESA PREFORME 29/25,Benin,BJ,AFRICA,AFSE5,129.0,2.0
PROFILO,Bolivia,BO,AMERICA,AMIP3,2650.0,7.0
CUSCINETTO A SFERE,Bolivia,BO,AMERICA,AMIP3,245.0,7.0
MOLLA A COMPRESSIONE,Bolivia,BO,AMERICA,AMIP3,93.0,7.0
GUIDA CATENA,Bolivia,BO,AMERICA,AMIP3,79.0,7.0
PIOLO,Bolivia,BO,AMERICA,AMIP3,72.0,7.0
NASTRO,Bosnia and Herzegovina,BA,EUROPA,NOCE4,23635.080234375,23.0
PROFILO,Bosnia and Herzegovina,BA,EUROPA,NOCE4,1151.0,23.0
RONDELLA,Bosnia and Herzegovina,BA,EUROPA,NOCE4,186.0,23.0
GUARNIZIONE,Bosnia and Herzegovina,BA,EUROPA,NOCE4,172.0,23.0
VITE TBEI,Bosnia and Herzegovina,BA,EUROPA,NOCE4,150.0,23.0
NASTRO,Brazil,BR,AMERICA,AMIP3,993323.7071093749,119.0
CATENA CERNIERA RETTILINEA,Brazil,BR,AMERICA,AMIP3,131085.7309375,119.0
PROFILO,Brazil,BR,AMERICA,AMIP3,31023.25,119.0
CUSCINETTO A SFERE,Brazil,BR,AMERICA,AMIP3,14093.0,119.0
MOLLA A COMPRESSIONE,Brazil,BR,AMERICA,AMIP3,4550.0,119.0
PROFILO,Bulgaria,BG,EUROPA,NOCE3,4885.0,31.0
GUARNIZIONE,Bulgaria,BG,EUROPA,NOCE3,4403.0,31.0
GRUPPO RICAMBI,Bulgaria,BG,EUROPA,NOCE3,1099.0,31.0
TONDO,Bulgaria,BG,EUROPA,NOCE3,432.0,31.0
RIVETTO,Bulgaria,BG,EUROPA,NOCE3,400.0,31.0
NASTRO,CANADA,CA,AMERICA,AMIP1,333309.582265625,104.0
PROFILO,CANADA,CA,AMERICA,AMIP1,5011.0,104.0
GUARNIZIONE,CANADA,CA,AMERICA,AMIP1,1254.0,104.0
RULLO,CANADA,CA,AMERICA,AMIP1,826.0,104.0
PIATTO,CANADA,CA,AMERICA,AMIP1,821.0,104.0
NASTRO,CHINA,CN,ASIA,RUME1,2348132.0161328125,800.0
CATENA CERNIERA SINGOLA,CHINA,CN,ASIA,RUME1,48832.05078125,800.0
PROFILO,CHINA,CN,ASIA,RUME1,30084.0,800.0
RULLO,CHINA,CN,ASIA,RUME1,8628.0,800.0
LEVA,CHINA,CN,ASIA,RUME1,7210.0,800.0
NASTRO,COLOMBIA,CO,AMERICA,AMIP3,69157.042421875,43.0
PROFILO,COLOMBIA,CO,AMERICA,AMIP3,24481.25,43.0
CUSCINETTO A SFERE,COLOMBIA,CO,AMERICA,AMIP3,5438.0,43.0
GUARNIZIONE,COLOMBIA,CO,AMERICA,AMIP3,2352.0,43.0
PIATTO,COLOMBIA,CO,AMERICA,AMIP3,1680.0,43.0
GRANO,COSTA RICA,CR,AMERICA,AMIP2,478.0,10.0
PERNO,COSTA RICA,CR,AMERICA,AMIP2,351.0,10.0
CUSCINETTO A SFERE,COSTA RICA,CR,AMERICA,AMIP2,274.0,10.0
MOLLA,COSTA RICA,CR,AMERICA,AMIP2,214.0,10.0
BUSSOLA,COSTA RICA,CR,AMERICA,AMIP2,213.0,10.0
NASTRO,CROATIA,HR,EUROPA,NOCE4,130641.44164062501,52.0
PROFILO,CROATIA,HR,EUROPA,NOCE4,6671.0,52.0
CATENA SEMPLICE,CROATIA,HR,EUROPA,NOCE4,4952.0,52.0
CUSCINETTO A SFERE,CROATIA,HR,EUROPA,NOCE4,804.0,52.0
VITE TBEI,CROATIA,HR,EUROPA,NOCE4,800.0,52.0
NASTRO,CYPRUS,CY,EUROPA,NOCE4,9179.0,13.0
PROFILO,CYPRUS,CY,EUROPA,NOCE4,2300.0,13.0
VITE TBEI,CYPRUS,CY,EUROPA,NOCE4,390.0,13.0
PETTINE DI TRASFERIMENTO,CYPRUS,CY,EUROPA,NOCE4,188.0,13.0
RULLO,CYPRUS,CY,EUROPA,NOCE4,118.0,13.0
GUARNIZIONE,Cambodia,KH,ASIA,RUME4,1599.0,9.0
GRUPPO VALVOLA,Cambodia,KH,ASIA,RUME4,385.0,9.0
MOLLA,Cambodia,KH,ASIA,RUME4,345.0,9.0
PERNO,Cambodia,KH,ASIA,RUME4,275.0,9.0
VITE TCEI,Cambodia,KH,ASIA,RUME4,250.0,9.0
MOLLA,Cameroon,CM,AFRICA,AFSE2,160.0,6.0
GRANO,Cameroon,CM,AFRICA,AFSE2,144.0,6.0
PIATTO,Cameroon,CM,AFRICA,AFSE2,139.0,6.0
CUSCINETTO A SFERE,Cameroon,CM,AFRICA,AFSE2,86.0,6.0
VITE TCEI,Cameroon,CM,AFRICA,AFSE2,86.0,6.0
NASTRO,Canary Islands,IC,EUROPA,,353844.82921875,39.0
GRUPPO RICAMBI,Canary Islands,IC,EUROPA,,2436.0,39.0
MOLLA A COMPRESSIONE,Canary Islands,IC,EUROPA,,2416.0,39.0
GUARNIZIONE,Canary Islands,IC,EUROPA,,2044.0,39.0
PERNO,Canary Islands,IC,EUROPA,,1833.0,39.0
GUARNIZIONE,Cape Verde,CV,AFRICA,AFSE5,9847.0,9.0
BOCCOLA,Cape Verde,CV,AFRICA,AFSE5,3921.0,9.0
DISPOSITIVO,Cape Verde,CV,AFRICA,AFSE5,2156.0,9.0
BUSSOLA,Cape Verde,CV,AFRICA,AFSE5,2067.0,9.0
MOLLA,Cape Verde,CV,AFRICA,AFSE5,1974.0,9.0
RULLO,Chile,CL,AMERICA,AMIP3,132.0,43.0
NASTRO,Chile,CL,AMERICA,AMIP3,48.04656249994878,43.0
GRUPPO FORMATRICE,Chile,CL,AMERICA,AMIP3,40.0,43.0
SENSORE,Chile,CL,AMERICA,AMIP3,33.0,43.0
CATENA SPECIALE,Chile,CL,AMERICA,AMIP3,32.0,43.0
NASTRO,"Congo, Republic of",CG,AFRICA,AFSE2,10698.396875,6.0
PROFILO,"Congo, Republic of",CG,AFRICA,AFSE2,3250.0,6.0
VITE TCEI,"Congo, Republic of",CG,AFRICA,AFSE2,1528.0,6.0
VITE TE,"Congo, Republic of",CG,AFRICA,AFSE2,910.0,6.0
GUARNIZIONE,"Congo, Republic of",CG,AFRICA,AFSE2,742.0,6.0
NASTRO,Czech Republic,CZ,EUROPA,NOCE3,33616.7271875,42.0
PROFILO,Czech Republic,CZ,EUROPA,NOCE3,1952.0,42.0
VITE TBEI,Czech Republic,CZ,EUROPA,NOCE3,380.0,42.0
RULLO,Czech Republic,CZ,EUROPA,NOCE3,315.0,42.0
PIATTO,Czech Republic,CZ,EUROPA,NOCE3,283.0,42.0
CATENA CERNIERA RETTILINEA,DENMARK,DK,EUROPA,NOCE1,12192.0,7.0
NASTRO,DENMARK,DK,EUROPA,NOCE1,8354.0,7.0
PROFILO,DENMARK,DK,EUROPA,NOCE1,720.0,7.0
BUSSOLA,DENMARK,DK,EUROPA,NOCE1,217.0,7.0
PERNO,DENMARK,DK,EUROPA,NOCE1,217.0,7.0
NASTRO,Democratic Rep. of the Congo,CD,AFRICA,AFSE2,33367.535,5.0
PROFILO,Democratic Rep. of the Congo,CD,AFRICA,AFSE2,4444.0,5.0
GRUPPO MANDRINO PASSO 50,Democratic Rep. of the Congo,CD,AFRICA,AFSE2,784.0,5.0
VITE TCEI,Democratic Rep. of the Congo,CD,AFRICA,AFSE2,560.0,5.0
MOLLA A COMPRESSIONE,Democratic Rep. of the Congo,CD,AFRICA,AFSE2,505.0,5.0
NASTRO,Dominican Republic,DO,AMERICA,AMIP4,155648.95625,38.0
PROFILO,Dominican Republic,DO,AMERICA,AMIP4,2617.0,38.0
CUSCINETTO A SFERE,Dominican Republic,DO,AMERICA,AMIP4,755.0,38.0
GUARNIZIONE,Dominican Republic,DO,AMERICA,AMIP4,533.0,38.0
PIATTO,Dominican Republic,DO,AMERICA,AMIP4,475.0,38.0
NASTRO,ECUADOR,EC,AMERICA,AMIP3,85311.00437500002,20.0
PROFILO,ECUADOR,EC,AMERICA,AMIP3,100.0,20.0
MODULO,ECUADOR,EC,AMERICA,AMIP3,77.0,20.0
PETTINE DI TRASFERIMENTO,ECUADOR,EC,AMERICA,AMIP3,68.0,20.0
GRUPPO QUADRO MACCHINA,ECUADOR,EC,AMERICA,AMIP3,61.0,20.0
NASTRO,EGYPT,EG,AFRICA,AFSE1,1125813.1280273437,95.0
PROFILO,EGYPT,EG,AFRICA,AFSE1,34230.5384375,95.0
CUSCINETTO A SFERE,EGYPT,EG,AFRICA,AFSE1,5005.0,95.0
GUARNIZIONE,EGYPT,EG,AFRICA,AFSE1,2474.0,95.0
PIATTO,EGYPT,EG,AFRICA,AFSE1,2429.0,95.0
NASTRO,EL SALVADOR,SV,AMERICA,AMIP2,170777.2240625,8.0
PROFILO,EL SALVADOR,SV,AMERICA,AMIP2,6550.0,8.0
ANELLO SEEGER,EL SALVADOR,SV,AMERICA,AMIP2,170.0,8.0
PIATTO,EL SALVADOR,SV,AMERICA,AMIP2,161.0,8.0
PETTINE DI TRASFERIMENTO,EL SALVADOR,SV,AMERICA,AMIP2,102.0,8.0
LAMA,EQUATORIAL GUINEA,GQ,AFRICA,AFSE2,2.0,1.0
POSYC (PROG.),EQUATORIAL GUINEA,GQ,AFRICA,AFSE2,2.0,1.0
SERVOMOTORE BRUSHLESS,EQUATORIAL GUINEA,GQ,AFRICA,AFSE2,1.0,1.0
PROFILO,ESTONIA,EE,EUROPA,NOCE1,200.0,7.0
PIATTO,ESTONIA,EE,EUROPA,NOCE1,68.0,7.0
VENTOSA,ESTONIA,EE,EUROPA,NOCE1,61.0,7.0
VITE TBEI,ESTONIA,EE,EUROPA,NOCE1,60.0,7.0
TUBO,ESTONIA,EE,EUROPA,NOCE1,47.0,7.0
NASTRO,ETHIOPIA,ET,AFRICA,AFSE4,109811.1484375,13.0
PROFILO,ETHIOPIA,ET,AFRICA,AFSE4,1968.0,13.0
MOLLA,ETHIOPIA,ET,AFRICA,AFSE4,417.0,13.0
CUSCINETTO A SFERE,ETHIOPIA,ET,AFRICA,AFSE4,286.0,13.0
VITE TE,ETHIOPIA,ET,AFRICA,AFSE4,282.0,13.0
PROFILO,FINLAND,FI,EUROPA,NOCE1,204.0,23.0
RULLO,FINLAND,FI,EUROPA,NOCE1,106.0,23.0
PIATTO,FINLAND,FI,EUROPA,NOCE1,104.0,23.0
GUIDA CATENA,FINLAND,FI,EUROPA,NOCE1,88.0,23.0
MOLLA A COMPRESSIONE,FINLAND,FI,EUROPA,NOCE1,64.0,23.0
NASTRO,FRANCE,FR,EUROPA,NOCE2,320514.89484375,217.0
CATENA CERNIERA RETTILINEA,FRANCE,FR,EUROPA,NOCE2,27461.396875,217.0
PROFILO,FRANCE,FR,EUROPA,NOCE2,3729.0,217.0
GUARNIZIONE,FRANCE,FR,EUROPA,NOCE2,2861.0,217.0
BUSSOLA,FRANCE,FR,EUROPA,NOCE2,1710.0,217.0
MANIGLIA,French Guiana,GF,AMERICA,AMIP3,32.0,2.0
ANELLO SEEGER,French Guiana,GF,AMERICA,AMIP3,20.0,2.0
CAMERA D'ARIA,French Guiana,GF,AMERICA,AMIP3,15.0,2.0
GUARNIZIONE,French Guiana,GF,AMERICA,AMIP3,14.0,2.0
VITE TE AUTOFORMANTE,French Guiana,GF,AMERICA,AMIP3,10.0,2.0
VITE TBEI,French Polynesia,PF,OCEANIA,FASP4,60.0,6.0
ANELLO SEEGER,French Polynesia,PF,OCEANIA,FASP4,50.0,6.0
CUSCINETTO A SFERE,French Polynesia,PF,OCEANIA,FASP4,44.0,6.0
MOLLA A TAZZA,French Polynesia,PF,OCEANIA,FASP4,40.0,6.0
PETTINE DI TRASFERIMENTO,French Polynesia,PF,OCEANIA,FASP4,40.0,6.0
NASTRO,GEORGIA,GE,ASIA,RUME2,39648.603125,62.0
CATENA SEMPLICE,GEORGIA,GE,ASIA,RUME2,7667.8721875,62.0
PROFILO,GEORGIA,GE,ASIA,RUME2,4718.0,62.0
GUARNIZIONE,GEORGIA,GE,ASIA,RUME2,1316.0,62.0
GUIDA,GEORGIA,GE,ASIA,RUME2,436.0,62.0
CATENA CERNIERA SINGOLA,GIBUTI,DJ,AFRICA,AFSE4,94496.0,7.0
GUARNIZIONE,GIBUTI,DJ,AFRICA,AFSE4,366.0,7.0
PROFILO,GIBUTI,DJ,AFRICA,AFSE4,354.0,7.0
LAMPADA INFRAROSSO,GIBUTI,DJ,AFRICA,AFSE4,250.0,7.0
PIGNONE PER NASTRO,GIBUTI,DJ,AFRICA,AFSE4,147.0,7.0
PROFILO,GUADELOUPE,GP,AMERICA,AMIP4,600.0,6.0
CAMERA D'ARIA,GUADELOUPE,GP,AMERICA,AMIP4,60.0,6.0
PIATTO,GUADELOUPE,GP,AMERICA,AMIP4,47.0,6.0
RULLO,GUADELOUPE,GP,AMERICA,AMIP4,44.0,6.0
CINGHIA DENTATA,GUADELOUPE,GP,AMERICA,AMIP4,19.0,6.0
NASTRO,GUATEMALA,GT,AMERICA,AMIP2,73996.59468750001,25.0
CUSCINETTO A SFERE,GUATEMALA,GT,AMERICA,AMIP2,1649.0,25.0
CAVO,GUATEMALA,GT,AMERICA,AMIP2,813.0,25.0
ANELLO SEEGER,GUATEMALA,GT,AMERICA,AMIP2,810.0,25.0
PROFILO,GUATEMALA,GT,AMERICA,AMIP2,805.0,25.0
FUSIBILE,GUYANA,GY,AMERICA,AMIP3,156.0,1.0
CUSCINETTO A SFERE,GUYANA,GY,AMERICA,AMIP3,140.0,1.0
CAVO,GUYANA,GY,AMERICA,AMIP3,108.0,1.0
VITE TBEI,GUYANA,GY,AMERICA,AMIP3,70.0,1.0
RULLO,GUYANA,GY,AMERICA,AMIP3,59.0,1.0
NASTRO,Germany,DE,EUROPA,NOCE2,180626.8107421875,99.0
CUSCINETTO A SFERE,Germany,DE,EUROPA,NOCE2,6645.0,99.0
ANELLO SEEGER,Germany,DE,EUROPA,NOCE2,6066.0,99.0
PROFILO,Germany,DE,EUROPA,NOCE2,4365.0,99.0
CATENA SEMPLICE,Germany,DE,EUROPA,NOCE2,2104.896875,99.0
PROFILO,Ghana,GH,AFRICA,AFSE5,1624.0,21.0
GUIDA,Ghana,GH,AFRICA,AFSE5,400.0,21.0
CUSCINETTO A SFERE,Ghana,GH,AFRICA,AFSE5,376.0,21.0
GUARNIZIONE,Ghana,GH,AFRICA,AFSE5,308.0,21.0
RULLO,Ghana,GH,AFRICA,AFSE5,257.0,21.0
NASTRO,Greece,GR,EUROPA,NOCE4,143441.09171875002,94.0
PROFILO,Greece,GR,EUROPA,NOCE4,10881.0,94.0
PIATTO,Greece,GR,EUROPA,NOCE4,851.0,94.0
MOLLA,Greece,GR,EUROPA,NOCE4,849.0,94.0
BUSSOLA,Greece,GR,EUROPA,NOCE4,725.0,94.0
NASTRO,HAITI,HT,AMERICA,AMIP4,51918.8475,15.0
PROFILO,HAITI,HT,AMERICA,AMIP4,712.0,15.0
RONDELLA,HAITI,HT,AMERICA,AMIP4,328.0,15.0
CUSCINETTO A SFERE,HAITI,HT,AMERICA,AMIP4,298.0,15.0
GUIDA,HAITI,HT,AMERICA,AMIP4,280.0,15.0
NASTRO,HONDURAS,HN,AMERICA,AMIP2,149501.853125,6.0
PROFILO,HONDURAS,HN,AMERICA,AMIP2,1410.0,6.0
RULLO,HONDURAS,HN,AMERICA,AMIP2,649.0,6.0
PIATTO,HONDURAS,HN,AMERICA,AMIP2,371.0,6.0
PERNO,HONDURAS,HN,AMERICA,AMIP2,298.0,6.0
NASTRO,HUNGARY,HU,EUROPA,NOCE3,36576.0,34.0
PROFILO,HUNGARY,HU,EUROPA,NOCE3,1452.0,34.0
GRANO,HUNGARY,HU,EUROPA,NOCE3,220.0,34.0
RULLO,HUNGARY,HU,EUROPA,NOCE3,160.0,34.0
VITE TBEI,HUNGARY,HU,EUROPA,NOCE3,160.0,34.0
NASTRO,Hong Kong,HK,ASIA,RUME1,6096.0,6.0
MOLLA,Hong Kong,HK,ASIA,RUME1,100.0,6.0
GRUPPO FORMATRICE,Hong Kong,HK,ASIA,RUME1,72.0,6.0
CUSCINETTO A SFERE,Hong Kong,HK,ASIA,RUME1,60.0,6.0
CATENA,Hong Kong,HK,ASIA,RUME1,50.0,6.0
NASTRO,ITALY,IT,EUROPA,NOCE4,436263.806796875,847.0
PROFILO,ITALY,IT,EUROPA,NOCE4,33794.0,847.0
CATENA CERNIERA RETTILINEA,ITALY,IT,EUROPA,NOCE4,33531.0,847.0
VITE TBEI,ITALY,IT,EUROPA,NOCE4,3872.0,847.0
PIATTO,ITALY,IT,EUROPA,NOCE4,3512.0,847.0
NASTRO,India,IN,ASIA,RUME3,247410.6028125,63.0
PROFILO,India,IN,ASIA,RUME3,20123.0,63.0
CUSCINETTO A SFERE,India,IN,ASIA,RUME3,5056.0,63.0
RULLO,India,IN,ASIA,RUME3,2880.0,63.0
PIATTO,India,IN,ASIA,RUME3,2765.0,63.0
NASTRO,Indonesia,ID,ASIA,RUME4,718076.09140625,69.0
CATENA CERNIERA SINGOLA,Indonesia,ID,ASIA,RUME4,24405.0,69.0
CATENA SEMPLICE,Indonesia,ID,ASIA,RUME4,18570.80390625,69.0
CATENA CERNIERA DOPPIA,Indonesia,ID,ASIA,RUME4,9147.0,69.0
VITE TSPEI,Indonesia,ID,ASIA,RUME4,2471.0,69.0
NASTRO,Iraq,IQ,ASIA,RUME2,508178.9459375,208.0
PROFILO,Iraq,IQ,ASIA,RUME2,17900.0,208.0
CUSCINETTO A SFERE,Iraq,IQ,ASIA,RUME2,7534.0,208.0
GRUPPO RICAMBI,Iraq,IQ,ASIA,RUME2,6356.0,208.0
PERNO,Iraq,IQ,ASIA,RUME2,5678.0,208.0
NASTRO,Ireland,IE,EUROPA,NOCE1,9237.690625,29.0
CATENA CERNIERA SINGOLA,Ireland,IE,EUROPA,NOCE1,6096.0,29.0
TONDO,Ireland,IE,EUROPA,NOCE1,489.0,29.0
MOLLA A COMPRESSIONE,Ireland,IE,EUROPA,NOCE1,421.0,29.0
RONDELLA,Ireland,IE,EUROPA,NOCE1,293.0,29.0
NASTRO,Islamic Republic of Iran,IR,ASIA,RUME3,108068.096171875,145.0
PROFILO,Islamic Republic of Iran,IR,ASIA,RUME3,52318.0,145.0
GRUPPO RICAMBI,Islamic Republic of Iran,IR,ASIA,RUME3,3680.0,145.0
CATENA SEMPLICE,Islamic Republic of Iran,IR,ASIA,RUME3,3505.0,145.0
BUSSOLA,Islamic Republic of Iran,IR,ASIA,RUME3,3110.0,145.0
NASTRO,Israel,IL,ASIA,RUME2,36655.881640625,48.0
PROFILO,Israel,IL,ASIA,RUME2,2380.0,48.0
GUARNIZIONE,Israel,IL,ASIA,RUME2,912.0,48.0
CUSCINETTO A SFERE,Israel,IL,ASIA,RUME2,724.0,48.0
VITE TCEI,Israel,IL,ASIA,RUME2,710.0,48.0
NASTRO,Ivory Coast,CI,AFRICA,AFSE5,5287.5824999999995,6.0
CUSCINETTO A SFERE,Ivory Coast,CI,AFRICA,AFSE5,2355.0,6.0
GUARNIZIONE,Ivory Coast,CI,AFRICA,AFSE5,1864.0,6.0
VITE TCEI,Ivory Coast,CI,AFRICA,AFSE5,1545.0,6.0
RONDELLA,Ivory Coast,CI,AFRICA,AFSE5,1536.0,6.0
NASTRO,JAMAICA,JM,AMERICA,AMIP4,189137.91218749998,23.0
PROFILO,JAMAICA,JM,AMERICA,AMIP4,15064.0,23.0
RULLO,JAMAICA,JM,AMERICA,AMIP4,701.0,23.0
CUSCINETTO A SFERE,JAMAICA,JM,AMERICA,AMIP4,668.0,23.0
PIATTO,JAMAICA,JM,AMERICA,AMIP4,579.0,23.0
NASTRO,JAPAN,JP,ASIA,RUME1,3201.4596875,11.0
PROFILO,JAPAN,JP,ASIA,RUME1,3068.0,11.0
GRUPPO RICAMBI,JAPAN,JP,ASIA,RUME1,1114.0,11.0
TONDO,JAPAN,JP,ASIA,RUME1,1035.0,11.0
MOLLA A COMPRESSIONE,JAPAN,JP,ASIA,RUME1,914.0,11.0
NASTRO,Jordan,JO,ASIA,RUME2,370931.66312499996,30.0
PROFILO,Jordan,JO,ASIA,RUME2,18906.0,30.0
CUSCINETTO A SFERE,Jordan,JO,ASIA,RUME2,1854.0,30.0
RULLO,Jordan,JO,ASIA,RUME2,1068.0,30.0
ANELLO SEEGER,Jordan,JO,ASIA,RUME2,987.0,30.0
NASTRO,KENYA,KE,AFRICA,AFSE4,398824.703125,11.0
PRESA PREFORME PCO/BPF/267Novembal,KENYA,KE,AFRICA,AFSE4,1590.0,11.0
GRUPPO RICAMBI,KENYA,KE,AFRICA,AFSE4,1399.0,11.0
CUSCINETTO A SFERE,KENYA,KE,AFRICA,AFSE4,1371.0,11.0
VITE TSPEI,KENYA,KE,AFRICA,AFSE4,1060.0,11.0
PROFILO,KOSOVO,XK,EUROPA,NOCE4,4350.0,15.0
GUARNIZIONE,KOSOVO,XK,EUROPA,NOCE4,245.0,15.0
VITE TCEI,KOSOVO,XK,EUROPA,NOCE4,240.0,15.0
GRUPPO RICAMBI,KOSOVO,XK,EUROPA,NOCE4,152.0,15.0
PIATTO,KOSOVO,XK,EUROPA,NOCE4,148.0,15.0
NASTRO,KYRGYZSTAN,KG,ASIA,AS,51813.44921875,8.0
PROFILO,KYRGYZSTAN,KG,ASIA,AS,1050.0,8.0
MOLLA A TAZZA,KYRGYZSTAN,KG,ASIA,AS,320.0,8.0
VITE TBEI,KYRGYZSTAN,KG,ASIA,AS,140.0,8.0
PETTINE DI TRASFERIMENTO,KYRGYZSTAN,KG,ASIA,AS,104.0,8.0
NASTRO,Kazakhstan,KZ,ASIA,AS,231167.825,44.0
PROFILO,Kazakhstan,KZ,ASIA,AS,23160.0,44.0
CUSCINETTO A SFERE,Kazakhstan,KZ,ASIA,AS,592.0,44.0
PIATTO,Kazakhstan,KZ,ASIA,AS,402.0,44.0
TONDO,Kazakhstan,KZ,ASIA,AS,389.0,44.0
NASTRO,Kuwait,KW,ASIA,RUME2,436300.10585937503,35.0
PROFILO,Kuwait,KW,ASIA,RUME2,3948.0,35.0
GRUPPO RICAMBI,Kuwait,KW,ASIA,RUME2,807.0,35.0
CUSCINETTO A SFERE,Kuwait,KW,ASIA,RUME2,764.0,35.0
PIATTO,Kuwait,KW,ASIA,RUME2,709.0,35.0
NASTRO,"Lao, People's Dem. Rep.",LA,ASIA,RUME4,33046.6453125,3.0
CATENA SEMPLICE,"Lao, People's Dem. Rep.",LA,ASIA,RUME4,3424.5,3.0
PIATTO,"Lao, People's Dem. Rep.",LA,ASIA,RUME4,450.0,3.0
RONDELLA,"Lao, People's Dem. Rep.",LA,ASIA,RUME4,286.0,3.0
GRANO,"Lao, People's Dem. Rep.",LA,ASIA,RUME4,210.0,3.0
NASTRO,Latvia,LV,EUROPA,NOCE1,60963.0,10.0
PROFILO,Latvia,LV,EUROPA,NOCE1,3150.0,10.0
VITE TBEI,Latvia,LV,EUROPA,NOCE1,180.0,10.0
RULLO,Latvia,LV,EUROPA,NOCE1,145.0,10.0
GUARNIZIONE,Latvia,LV,EUROPA,NOCE1,100.0,10.0
NASTRO,Lebanon,LB,ASIA,RUME2,195647.05,35.0
CATENA SEMPLICE,Lebanon,LB,ASIA,RUME2,7580.55265625,35.0
PROFILO,Lebanon,LB,ASIA,RUME2,2521.4484375,35.0
PIATTO,Lebanon,LB,ASIA,RUME2,674.0,35.0
ANELLO SEEGER,Lebanon,LB,ASIA,RUME2,590.0,35.0
PETTINE DI TRASFERIMENTO,Liberia,LR,AFRICA,AFSE5,15.0,1.0
GRUPPO AGGIORNAMENTO,Liberia,LR,AFRICA,AFSE5,2.0,1.0
CINGHIA DENTATA,Liberia,LR,AFRICA,AFSE5,1.0,1.0
GRUPPO ALBERO PORTA BOBINA,Liberia,LR,AFRICA,AFSE5,1.0,1.0
GRUPPO CATENA,Liberia,LR,AFRICA,AFSE5,1.0,1.0
NASTRO,Libya,LY,AFRICA,AFSE1,311456.20078125,57.0
CUSCINETTO A SFERE,Libya,LY,AFRICA,AFSE1,6704.0,57.0
TONDO,Libya,LY,AFRICA,AFSE1,5427.0,57.0
BUSSOLA,Libya,LY,AFRICA,AFSE1,5387.0,57.0
GUARNIZIONE,Libya,LY,AFRICA,AFSE1,4449.0,57.0
NASTRO,Lithuania,LT,EUROPA,NOCE1,27493.5875,32.0
MOLLA A COMPRESSIONE,Lithuania,LT,EUROPA,NOCE1,2874.0,32.0
PROFILO,Lithuania,LT,EUROPA,NOCE1,2253.0,32.0
BUSSOLA,Lithuania,LT,EUROPA,NOCE1,868.0,32.0
GRUPPO RICAMBI,Lithuania,LT,EUROPA,NOCE1,682.0,32.0
NASTRO,MALAYSIA,MY,ASIA,RUME4,785741.3664876099,72.0
PROFILO,MALAYSIA,MY,ASIA,RUME4,10683.0,72.0
RONDELLA,MALAYSIA,MY,ASIA,RUME4,3889.0,72.0
CUSCINETTO A SFERE,MALAYSIA,MY,ASIA,RUME4,2569.0,72.0
VITE TE,MALAYSIA,MY,ASIA,RUME4,2547.0,72.0
CUSCINETTO A SFERE,MALDIVES,MV,ASIA,RUME3,1087.0,14.0
GUARNIZIONE,MALDIVES,MV,ASIA,RUME3,793.0,14.0
GRUPPO RICAMBI,MALDIVES,MV,ASIA,RUME3,699.0,14.0
TUBO,MALDIVES,MV,ASIA,RUME3,512.44990234375,14.0
PRESA PREFORME 29/25,MALDIVES,MV,ASIA,RUME3,404.0,14.0
POSYC (PROG.),MALI,ML,AFRICA,AFSE5,1.0,4.0
SCHEDA (PROG.),MALI,ML,AFRICA,AFSE5,1.0,4.0
NASTRO,MALTA,MT,EUROPA,NOCE4,12216.6525,7.0
PROFILO,MALTA,MT,EUROPA,NOCE4,7770.0,7.0
GUIDA,MALTA,MT,EUROPA,NOCE4,454.0,7.0
ANELLO SEEGER,MALTA,MT,EUROPA,NOCE4,290.0,7.0
PIATTO,MALTA,MT,EUROPA,NOCE4,220.0,7.0
GRUPPO FORMATRICE,MARTINIQUE,MQ,AMERICA,AMIP4,24.0,1.0
PIATTO,MARTINIQUE,MQ,AMERICA,AMIP4,9.0,1.0
CATENA,MARTINIQUE,MQ,AMERICA,AMIP4,8.0,1.0
CATENA SEMPLICE,MARTINIQUE,MQ,AMERICA,AMIP4,4.0,1.0
RULLO,MARTINIQUE,MQ,AMERICA,AMIP4,4.0,1.0
NASTRO,MAURITIUS,MU,AFRICA,AFSE4,125173.145,8.0
PROFILO,MAURITIUS,MU,AFRICA,AFSE4,3062.0,8.0
CUSCINETTO A SFERE,MAURITIUS,MU,AFRICA,AFSE4,600.0,8.0
ANELLO SEEGER,MAURITIUS,MU,AFRICA,AFSE4,430.0,8.0
VITE TBEI,MAURITIUS,MU,AFRICA,AFSE4,300.0,8.0
NASTRO,MEXICO,MX,AMERICA,AMIP1,2243595.171787109,422.0
PROFILO,MEXICO,MX,AMERICA,AMIP1,124555.796875,422.0
PIATTO,MEXICO,MX,AMERICA,AMIP1,14537.0,422.0
CUSCINETTO A SFERE,MEXICO,MX,AMERICA,AMIP1,13464.0,422.0
TONDO,MEXICO,MX,AMERICA,AMIP1,8500.0,422.0
NASTRO,MOROCCO,MA,AFRICA,AFSE1,452506.796640625,91.0
PROFILO,MOROCCO,MA,AFRICA,AFSE1,21989.0,91.0
GUARNIZIONE,MOROCCO,MA,AFRICA,AFSE1,6530.0,91.0
TONDO,MOROCCO,MA,AFRICA,AFSE1,4925.0,91.0
CUSCINETTO A SFERE,MOROCCO,MA,AFRICA,AFSE1,4563.0,91.0
MOLLA A TAZZA,Macedonia,MK,EUROPA,NOCE4,360.0,14.0
VITE TBEI,Macedonia,MK,EUROPA,NOCE4,340.0,14.0
TONDO,Macedonia,MK,EUROPA,NOCE4,308.0,14.0
VITE TCEI,Macedonia,MK,EUROPA,NOCE4,270.0,14.0
PROFILO,Macedonia,MK,EUROPA,NOCE4,242.0,14.0
GUARNIZIONE,Madagascar,MG,AFRICA,AFSE4,234.0,12.0
GRUPPO TENDITORE,Madagascar,MG,AFRICA,AFSE4,140.0,12.0
LAMPADA INFRAROSSO,Madagascar,MG,AFRICA,AFSE4,82.0,12.0
MODULO,Madagascar,MG,AFRICA,AFSE4,66.0,12.0
GRUPPO RICAMBI,Madagascar,MG,AFRICA,AFSE4,62.0,12.0
RULLO,Malawi,MW,AFRICA,AFSE4,540.0,1.0
PIATTO,Malawi,MW,AFRICA,AFSE4,187.0,1.0
GUIDA,Malawi,MW,AFRICA,AFSE4,104.0,1.0
VITE TSPEI,Malawi,MW,AFRICA,AFSE4,100.0,1.0
TONDO,Malawi,MW,AFRICA,AFSE4,76.0,1.0
GHIERA,Mayotte,YT,AFRICA,AFSE4,100.0,1.0
PIATTO,Mayotte,YT,AFRICA,AFSE4,99.0,1.0
CUSCINETTO A SFERE,Mayotte,YT,AFRICA,AFSE4,85.0,1.0
TONDO,Mayotte,YT,AFRICA,AFSE4,21.0,1.0
CAMERA D'ARIA,Mayotte,YT,AFRICA,AFSE4,20.0,1.0
NASTRO,"Moldova, Rep. of",MD,EUROPA,NOCE3,42778.7084375,14.0
PROFILO,"Moldova, Rep. of",MD,EUROPA,NOCE3,3006.0,14.0
VITE TSPEI,"Moldova, Rep. of",MD,EUROPA,NOCE3,400.0,14.0
CUSCINETTO A SFERE,"Moldova, Rep. of",MD,EUROPA,NOCE3,128.0,14.0
BUSSOLA,"Moldova, Rep. of",MD,EUROPA,NOCE3,116.0,14.0
CUSCINETTO A SFERE,Montenegro,ME,EUROPA,NOCE4,63.0,8.0
VITE TBEI,Montenegro,ME,EUROPA,NOCE4,40.0,8.0
ISOLA DIGITALE UL,Montenegro,ME,EUROPA,NOCE4,21.0,8.0
ISOLA ANALOGICA PWM UL,Montenegro,ME,EUROPA,NOCE4,16.0,8.0
GRUPPO AGGIORNAMENTO,Montenegro,ME,EUROPA,NOCE4,15.0,8.0
CATENA SEMPLICE,Mozambique,MZ,AFRICA,AFSE4,1095.0,8.0
PIATTO,Mozambique,MZ,AFRICA,AFSE4,581.0,8.0
VITE TSPEI,Mozambique,MZ,AFRICA,AFSE4,240.0,8.0
CINGHIA DENTATA,Mozambique,MZ,AFRICA,AFSE4,228.0,8.0
LEVA,Mozambique,MZ,AFRICA,AFSE4,210.0,8.0
NASTRO,Myanmar,MM,ASIA,RUME4,91539.60546875,6.0
PROFILO,Myanmar,MM,ASIA,RUME4,3666.0,6.0
CAVO,Myanmar,MM,ASIA,RUME4,648.0,6.0
RULLO,Myanmar,MM,ASIA,RUME4,451.0,6.0
PIATTO,Myanmar,MM,ASIA,RUME4,285.0,6.0
NASTRO,NICARAGUA,NI,AMERICA,AMIP2,160899.21406250002,6.0
PROFILO,NICARAGUA,NI,AMERICA,AMIP2,12275.0,6.0
CATENA SEMPLICE,NICARAGUA,NI,AMERICA,AMIP2,3421.0,6.0
CUSCINETTO A SFERE,NICARAGUA,NI,AMERICA,AMIP2,1397.0,6.0
PIATTO,NICARAGUA,NI,AMERICA,AMIP2,972.0,6.0
PROFILO,NIGER,NE,AFRICA,AFSE5,526.0,15.0
VITE TCEI,NIGER,NE,AFRICA,AFSE5,250.0,15.0
GRUPPO RICAMBI,NIGER,NE,AFRICA,AFSE5,246.0,15.0
PIATTO,NIGER,NE,AFRICA,AFSE5,192.0,15.0
RALLA,NIGER,NE,AFRICA,AFSE5,180.0,15.0
MOLLA,Netherlands,NL,EUROPA,NOCE2,416.0,17.0
GUARNIZIONE,Netherlands,NL,EUROPA,NOCE2,282.0,17.0
PIATTO,Netherlands,NL,EUROPA,NOCE2,264.0,17.0
CUSCINETTO A SFERE,Netherlands,NL,EUROPA,NOCE2,235.0,17.0
GRUPPO RICAMBI,Netherlands,NL,EUROPA,NOCE2,225.0,17.0
PROFILO,New Zealand,NZ,OCEANIA,FASP1,953.0,14.0
PIGNONE PER NASTRO,New Zealand,NZ,OCEANIA,FASP1,119.0,14.0
LEVA,New Zealand,NZ,OCEANIA,FASP1,79.0,14.0
TONDO,New Zealand,NZ,OCEANIA,FASP1,68.0,14.0
GRUPPO FORMATRICE,New Zealand,NZ,OCEANIA,FASP1,43.0,14.0
NASTRO,Nigeria,NG,AFRICA,AFSE5,197533.09375,16.0
PROFILO,Nigeria,NG,AFRICA,AFSE5,4718.0,16.0
CATENA SEMPLICE,Nigeria,NG,AFRICA,AFSE5,2545.5,16.0
RULLO,Nigeria,NG,AFRICA,AFSE5,427.0,16.0
PIGNONE PER NASTRO,Nigeria,NG,AFRICA,AFSE5,275.0,16.0
GUARNIZIONE,Norway,NO,EUROPA,NOCE1,4265.0,122.0
NASTRO,Norway,NO,EUROPA,NOCE1,3647.845673828124,122.0
MOLLA A COMPRESSIONE,Norway,NO,EUROPA,NOCE1,1201.0,122.0
PROFILO,Norway,NO,EUROPA,NOCE1,1159.0,122.0
DISTANZIALE,Norway,NO,EUROPA,NOCE1,749.0,122.0
NASTRO,Oman,OM,ASIA,RUME2,31145.194296875,33.0
PROFILO,Oman,OM,ASIA,RUME2,2726.0,33.0
GUARNIZIONE,Oman,OM,ASIA,RUME2,1218.0,33.0
CUSCINETTO A SFERE,Oman,OM,ASIA,RUME2,723.0,33.0
GRUPPO RICAMBI,Oman,OM,ASIA,RUME2,720.0,33.0
NASTRO,PAKISTAN,PK,ASIA,RUME3,649980.8959375,64.0
PROFILO,PAKISTAN,PK,ASIA,RUME3,36511.0,64.0
RULLO,PAKISTAN,PK,ASIA,RUME3,2770.0,64.0
GRANO,PAKISTAN,PK,ASIA,RUME3,2493.0,64.0
PIATTO,PAKISTAN,PK,ASIA,RUME3,2057.0,64.0
MOLLA A TAZZA,PANAMA,PA,AMERICA,AMIP2,20.0,2.0
SUPPORTO,PANAMA,PA,AMERICA,AMIP2,16.0,2.0
MOLLA A COMPRESSIONE,PANAMA,PA,AMERICA,AMIP2,10.0,2.0
RONDELLA,PANAMA,PA,AMERICA,AMIP2,10.0,2.0
CATENA,PANAMA,PA,AMERICA,AMIP2,4.0,2.0
NASTRO,PERU,PE,AMERICA,AMIP3,6150.011093749985,29.0
RULLO,PERU,PE,AMERICA,AMIP3,461.0,29.0
GUIDA,PERU,PE,AMERICA,AMIP3,161.0,29.0
MODULO,PERU,PE,AMERICA,AMIP3,51.0,29.0
PROFILO,PERU,PE,AMERICA,AMIP3,50.0,29.0
NASTRO,PHILIPPINES,PH,ASIA,RUME4,140703.955390625,33.0
CATENA SEMPLICE,PHILIPPINES,PH,ASIA,RUME4,19837.39948828125,33.0
PROFILO,PHILIPPINES,PH,ASIA,RUME4,11126.4359375,33.0
GUARNIZIONE,PHILIPPINES,PH,ASIA,RUME4,4973.0,33.0
CUSCINETTO A SFERE,PHILIPPINES,PH,ASIA,RUME4,2818.0,33.0
NASTRO,POLAND,PL,EUROPA,NOCE3,637489.383828125,218.0
PROFILO,POLAND,PL,EUROPA,NOCE3,24565.0,218.0
CATENA SEMPLICE,POLAND,PL,EUROPA,NOCE3,9326.53828125,218.0
GUARNIZIONE,POLAND,PL,EUROPA,NOCE3,6059.0,218.0
VITE TBEI,POLAND,PL,EUROPA,NOCE3,2785.0,218.0
BUSSOLA,PUERTO RICO,PR,AMERICA,AMIP4,112.0,4.0
PERNO,PUERTO RICO,PR,AMERICA,AMIP4,97.0,4.0
FIBRA OTTICA,PUERTO RICO,PR,AMERICA,AMIP4,80.0,4.0
CAVO,PUERTO RICO,PR,AMERICA,AMIP4,62.0,4.0
ANELLO SEEGER,PUERTO RICO,PR,AMERICA,AMIP4,60.0,4.0
NASTRO,Palestinian Territory,PS,ASIA,RUME2,6153.28953125,14.0
PROFILO,Palestinian Territory,PS,ASIA,RUME2,2044.0,14.0
GUARNIZIONE,Palestinian Territory,PS,ASIA,RUME2,380.0,14.0
PIATTO,Palestinian Territory,PS,ASIA,RUME2,287.0,14.0
CUSCINETTO A SFERE,Palestinian Territory,PS,ASIA,RUME2,280.0,14.0
GRUPPO RICAMBI,Papua New Guinea,PG,OCEANIA,FASP3,568.0,1.0
CUSCINETTO A SFERE,Papua New Guinea,PG,OCEANIA,FASP3,423.0,1.0
TONDO,Papua New Guinea,PG,OCEANIA,FASP3,404.0,1.0
LAMPADA INFRAROSSO,Papua New Guinea,PG,OCEANIA,FASP3,352.0,1.0
PRESA PREFORME PCO/BPF/267Novembal,Papua New Guinea,PG,OCEANIA,FASP3,266.0,1.0
GRUPPO RICAMBI,Paraguay,PY,AMERICA,AMIP3,31.0,8.0
VITE TBEI,Paraguay,PY,AMERICA,AMIP3,20.0,8.0
FOTOCELLULA,Paraguay,PY,AMERICA,AMIP3,7.0,8.0
SENSORE,Paraguay,PY,AMERICA,AMIP3,7.0,8.0
GRUPPO AGGIORNAMENTO,Paraguay,PY,AMERICA,AMIP3,5.0,8.0
NASTRO,Portugal,PT,EUROPA,NOCE4,137588.78376953123,98.0
NASTRO,Portugal,PT,AFRICA,NOCE4,137588.78376953123,98.0
AISI304 (X5CrNi1810) BA,Portugal,PT,EUROPA,NOCE4,14722.0,98.0
AISI304 (X5CrNi1810) BA,Portugal,PT,AFRICA,NOCE4,14722.0,98.0
CATENA CERNIERA RETTILINEA,Portugal,PT,EUROPA,NOCE4,9144.0,98.0
CATENA CERNIERA SINGOLA,Qatar,QA,ASIA,RUME2,54864.0,67.0
NASTRO,Qatar,QA,ASIA,RUME2,39811.0912109375,67.0
GUARNIZIONE,Qatar,QA,ASIA,RUME2,7580.0,67.0
BUSSOLA,Qatar,QA,ASIA,RUME2,3731.0,67.0
PROFILO,Qatar,QA,ASIA,RUME2,3123.0,67.0
NASTRO,ROMANIA,RO,EUROPA,NOCE3,289876.36265625,142.0
PROFILO,ROMANIA,RO,EUROPA,NOCE3,21873.83953125,142.0
RULLO,ROMANIA,RO,EUROPA,NOCE3,2469.0,142.0
TONDO,ROMANIA,RO,EUROPA,NOCE3,2429.0,142.0
PIATTO,ROMANIA,RO,EUROPA,NOCE3,1953.0,142.0
NASTRO,RUSSIAN FEDERATION,RU,EUROPA,NOCE3,790060.0036328125,388.0
PROFILO,RUSSIAN FEDERATION,RU,EUROPA,NOCE3,67616.0,388.0
CUSCINETTO A SFERE,RUSSIAN FEDERATION,RU,EUROPA,NOCE3,7032.0,388.0
PIATTO,RUSSIAN FEDERATION,RU,EUROPA,NOCE3,4040.0,388.0
GUARNIZIONE,RUSSIAN FEDERATION,RU,EUROPA,NOCE3,3224.0,388.0
GRUPPO QUADRO MACCHINA,Republic of South Sudan,SS,AFRICA,AFSE1,1.0,1.0
NASTRO,Reunion Island,RE,AFRICA,AFSE4,21344.0,11.0
PROFILO,Reunion Island,RE,AFRICA,AFSE4,900.0,11.0
VITE TBEI,Reunion Island,RE,AFRICA,AFSE4,100.0,11.0
GUARNIZIONE,Reunion Island,RE,AFRICA,AFSE4,74.0,11.0
ANELLO SEEGER,Reunion Island,RE,AFRICA,AFSE4,60.0,11.0
NASTRO,SAINT LUCIA,LC,AMERICA,AMIP4,48863.96875,5.0
CATENA CERNIERA SINGOLA,SAINT LUCIA,LC,AMERICA,AMIP4,3048.0,5.0
PROFILO,SAINT LUCIA,LC,AMERICA,AMIP4,2563.0,5.0
CUSCINETTO A SFERE,SAINT LUCIA,LC,AMERICA,AMIP4,438.0,5.0
VITE TSPEI,SAINT LUCIA,LC,AMERICA,AMIP4,310.0,5.0
MODULO,SEYCHELLES,SC,AFRICA,AFSE4,6.0,3.0
CINGHIA DENTATA,SEYCHELLES,SC,AFRICA,AFSE4,5.0,3.0
GRUPPO MOTORE,SEYCHELLES,SC,AFRICA,AFSE4,1.0,3.0
MOTORE BRUSHLESS CON DRIVER INTEGRATO,SEYCHELLES,SC,AFRICA,AFSE4,1.0,3.0
NASTRO,Saudi Arabia,SA,ASIA,RUME2,187321.358046875,232.0
GUARNIZIONE,Saudi Arabia,SA,ASIA,RUME2,16564.0,232.0
CUSCINETTO A SFERE,Saudi Arabia,SA,ASIA,RUME2,15663.0,232.0
BUSSOLA,Saudi Arabia,SA,ASIA,RUME2,10673.0,232.0
GRUPPO RICAMBI,Saudi Arabia,SA,ASIA,RUME2,9906.0,232.0
CUSCINETTO A SFERE,Senegal,SN,AFRICA,AFSE5,449.0,6.0
LAMPADA INFRAROSSO,Senegal,SN,AFRICA,AFSE5,370.0,6.0
GUARNIZIONE,Senegal,SN,AFRICA,AFSE5,328.0,6.0
DISTANZIALE,Senegal,SN,AFRICA,AFSE5,313.0,6.0
VITE TE,Senegal,SN,AFRICA,AFSE5,300.0,6.0
NASTRO,Serbia,RS,EUROPA,NOCE4,559640.374765625,72.0
PROFILO,Serbia,RS,EUROPA,NOCE4,15626.0,72.0
GUIDA,Serbia,RS,EUROPA,NOCE4,13054.0,72.0
VITE TBEI,Serbia,RS,EUROPA,NOCE4,2160.0,72.0
CUSCINETTO A SFERE,Serbia,RS,EUROPA,NOCE4,1600.0,72.0
NASTRO,Slovakia,SK,EUROPA,NOCE3,51860.0,26.0
PROFILO,Slovakia,SK,EUROPA,NOCE3,3900.0,26.0
GRANO,Slovakia,SK,EUROPA,NOCE3,710.0,26.0
MOLLA A COMPRESSIONE,Slovakia,SK,EUROPA,NOCE3,420.0,26.0
GUIDA,Slovakia,SK,EUROPA,NOCE3,400.0,26.0
NASTRO,Slovenia,SI,EUROPA,NOCE4,6112.619140625,24.0
PROFILO,Slovenia,SI,EUROPA,NOCE4,1000.0,24.0
VITE TBEI,Slovenia,SI,EUROPA,NOCE4,350.0,24.0
MOLLA,Slovenia,SI,EUROPA,NOCE4,240.0,24.0
PIATTO,Slovenia,SI,EUROPA,NOCE4,97.0,24.0
NASTRO,South Africa,ZA,AFRICA,AFSE3,234466.1678125,103.0
PROFILO,South Africa,ZA,AFRICA,AFSE3,24352.0,103.0
GUARNIZIONE,South Africa,ZA,AFRICA,AFSE3,2062.40078125,103.0
PIATTO,South Africa,ZA,AFRICA,AFSE3,1717.0,103.0
MOLLA,South Africa,ZA,AFRICA,AFSE3,1581.0,103.0
NASTRO,South Korea,KR,ASIA,RUME1,59889.893359375,109.0
PROFILO,South Korea,KR,ASIA,RUME1,13573.7046875,109.0
CUSCINETTO A SFERE,South Korea,KR,ASIA,RUME1,3498.0,109.0
RULLO,South Korea,KR,ASIA,RUME1,2387.0,109.0
RONDELLA,South Korea,KR,ASIA,RUME1,1806.0,109.0
NASTRO,Spain,ES,EUROPA,NOCE4,654594.3413671874,475.0
NASTRO,Spain,ES,AFRICA,NOCE4,654594.3413671874,475.0
GUIDA,Spain,ES,EUROPA,NOCE4,15376.0,475.0
GUIDA,Spain,ES,AFRICA,NOCE4,15376.0,475.0
PROFILO,Spain,ES,EUROPA,NOCE4,9690.0,475.0
NASTRO,Sri Lanka,LK,ASIA,RUME3,21352.0,4.0
PIOLO SEPARATORE,Sri Lanka,LK,ASIA,RUME3,102.0,4.0
PETTINE,Sri Lanka,LK,ASIA,RUME3,89.0,4.0
RULLO,Sri Lanka,LK,ASIA,RUME3,88.0,4.0
TONDO,Sri Lanka,LK,ASIA,RUME3,83.0,4.0
NASTRO,Sudan,SD,AFRICA,AFSE1,289932.25140625,23.0
PROFILO,Sudan,SD,AFRICA,AFSE1,5958.0,23.0
TONDO,Sudan,SD,AFRICA,AFSE1,787.0,23.0
PIATTO,Sudan,SD,AFRICA,AFSE1,746.0,23.0
MOLLA,Sudan,SD,AFRICA,AFSE1,716.0,23.0
NASTRO,Suriname,SR,AMERICA,AMIP3,6180.276875,2.0
CUSCINETTO A SFERE,Suriname,SR,AMERICA,AMIP3,325.0,2.0
ANELLO SEEGER,Suriname,SR,AMERICA,AMIP3,250.0,2.0
PROFILO,Suriname,SR,AMERICA,AMIP3,250.0,2.0
CAVO,Suriname,SR,AMERICA,AMIP3,124.0,2.0
PROFILO,Sweden,SE,EUROPA,NOCE1,2400.0,91.0
GUARNIZIONE,Sweden,SE,EUROPA,NOCE1,1854.0,91.0
GRUPPO RICAMBI,Sweden,SE,EUROPA,NOCE1,596.0,91.0
ELETTROVALVOLA,Sweden,SE,EUROPA,NOCE1,404.0,91.0
TONDO,Sweden,SE,EUROPA,NOCE1,260.0,91.0
NASTRO,Switzerland,CH,EUROPA,NOCE2,45895.543359375,19.0
CATENA CERNIERA SINGOLA,Switzerland,CH,EUROPA,NOCE2,6096.0,19.0
CUSCINETTO A SFERE,Switzerland,CH,EUROPA,NOCE2,573.0,19.0
ANELLO SEEGER,Switzerland,CH,EUROPA,NOCE2,502.0,19.0
PIATTO,Switzerland,CH,EUROPA,NOCE2,496.0,19.0
NASTRO,Syria,SY,ASIA,RUME2,3207.921875,38.0
BUSSOLA,Syria,SY,ASIA,RUME2,844.0,38.0
PROFILO,Syria,SY,ASIA,RUME2,766.0,38.0
GUARNIZIONE,Syria,SY,ASIA,RUME2,618.0,38.0
FIBRA OTTICA,Syria,SY,ASIA,RUME2,500.0,38.0
NASTRO,TAIWAN R.O.C.,TW,ASIA,RUME1,134468.01164062502,50.0
GUIDA,TAIWAN R.O.C.,TW,ASIA,RUME1,16667.0,50.0
PROFILO,TAIWAN R.O.C.,TW,ASIA,RUME1,6763.0,50.0
CUSCINETTO A SFERE,TAIWAN R.O.C.,TW,ASIA,RUME1,985.0,50.0
PIGNONE PER NASTRO,TAIWAN R.O.C.,TW,ASIA,RUME1,810.0,50.0
NASTRO,TANZANIA,TZ,AFRICA,AFSE4,116073.85875,23.0
PROFILO,TANZANIA,TZ,AFRICA,AFSE4,5150.0,23.0
GUARNIZIONE,TANZANIA,TZ,AFRICA,AFSE4,1334.0,23.0
CUSCINETTO A SFERE,TANZANIA,TZ,AFRICA,AFSE4,763.0,23.0
GRUPPO RICAMBI,TANZANIA,TZ,AFRICA,AFSE4,553.0,23.0
NASTRO,THAILAND,TH,ASIA,RUME4,447616.16609375,162.0
PROFILO,THAILAND,TH,ASIA,RUME4,8186.0,162.0
ANELLO SEEGER,THAILAND,TH,ASIA,RUME4,2407.0,162.0
CUSCINETTO A SFERE,THAILAND,TH,ASIA,RUME4,2276.0,162.0
GRANO,THAILAND,TH,ASIA,RUME4,2113.0,162.0
NASTRO,TRINIDAD AND TOBAGO,TT,AMERICA,AMIP4,60993.0,4.0
PROFILO,TRINIDAD AND TOBAGO,TT,AMERICA,AMIP4,866.0,4.0
CAVO,TRINIDAD AND TOBAGO,TT,AMERICA,AMIP4,420.0,4.0
PETTINE DI TRASFERIMENTO,TRINIDAD AND TOBAGO,TT,AMERICA,AMIP4,357.0,4.0
ANELLO ELASTICO,TRINIDAD AND TOBAGO,TT,AMERICA,AMIP4,200.0,4.0
NASTRO,TUNISIA,TN,AFRICA,AFSE1,350224.5171875,67.0
CATENA CERNIERA DOPPIA,TUNISIA,TN,AFRICA,AFSE1,12192.0,67.0
PROFILO,TUNISIA,TN,AFRICA,AFSE1,7671.0,67.0
CATENA CERNIERA SINGOLA,TUNISIA,TN,AFRICA,AFSE1,6116.0,67.0
PIATTO,TUNISIA,TN,AFRICA,AFSE1,1018.0,67.0
NASTRO,TURKEY,TR,EUROPA,NOCE4,562058.698125,331.0
PROFILO,TURKEY,TR,EUROPA,NOCE4,56370.5,331.0
CATENA CERNIERA SINGOLA,TURKEY,TR,EUROPA,NOCE4,6096.0,331.0
RULLO,TURKEY,TR,EUROPA,NOCE4,5929.0,331.0
MOLLA A COMPRESSIONE,TURKEY,TR,EUROPA,NOCE4,5640.0,331.0
GRUPPO RICAMBI,TURKMENISTAN,TM,ASIA,AS,163.0,4.0
AMMORTIZZATORE,TURKMENISTAN,TM,ASIA,AS,120.0,4.0
CAPPUCCIO SGANCIO PREF. 29/25,TURKMENISTAN,TM,ASIA,AS,111.0,4.0
GUARNIZIONE,TURKMENISTAN,TM,ASIA,AS,58.0,4.0
LAMPADA INFRAROSSO,TURKMENISTAN,TM,ASIA,AS,58.0,4.0
NASTRO,Tajikistan,TJ,ASIA,AS,17320.203125,4.0
PROFILO,Tajikistan,TJ,ASIA,AS,3100.0,4.0
CUSCINETTO A SFERE,Tajikistan,TJ,ASIA,AS,192.0,4.0
ANELLO SEEGER,Tajikistan,TJ,ASIA,AS,154.0,4.0
GRUPPO NASTRO INGRESSO,Tajikistan,TJ,ASIA,AS,109.0,4.0
PRESA PREFORME 29/25,UGANDA,UG,AFRICA,AFSE4,3219.0,7.0
GRUPPO RICAMBI,UGANDA,UG,AFRICA,AFSE4,995.0,7.0
GUARNIZIONE,UGANDA,UG,AFRICA,AFSE4,944.0,7.0
LAMPADA INFRAROSSO,UGANDA,UG,AFRICA,AFSE4,649.0,7.0
TONDO,UGANDA,UG,AFRICA,AFSE4,369.0,7.0
NASTRO,UKRAINE,UA,EUROPA,NOCE3,240994.52890625,92.0
PROFILO,UKRAINE,UA,EUROPA,NOCE3,28322.0,92.0
CUSCINETTO A SFERE,UKRAINE,UA,EUROPA,NOCE3,3896.0,92.0
GUARNIZIONE,UKRAINE,UA,EUROPA,NOCE3,3884.0,92.0
GRUPPO RICAMBI,UKRAINE,UA,EUROPA,NOCE3,2781.0,92.0
NASTRO,UNITED ARAB EMIRATES,AE,ASIA,RUME2,88567.83078125,64.0
PROFILO,UNITED ARAB EMIRATES,AE,ASIA,RUME2,3813.0,64.0
MOLLA A COMPRESSIONE,UNITED ARAB EMIRATES,AE,ASIA,RUME2,2836.0,64.0
GRUPPO RICAMBI,UNITED ARAB EMIRATES,AE,ASIA,RUME2,896.0,64.0
GUARNIZIONE,UNITED ARAB EMIRATES,AE,ASIA,RUME2,691.0,64.0
NASTRO,UNITED KINGDOM,GB,EUROPA,NOCE1,220340.77453125,149.0
PROFILO,UNITED KINGDOM,GB,EUROPA,NOCE1,24377.0,149.0
GUARNIZIONE,UNITED KINGDOM,GB,EUROPA,NOCE1,10331.0,149.0
CUSCINETTO A SFERE,UNITED KINGDOM,GB,EUROPA,NOCE1,2726.0,149.0
GUIDA,UNITED KINGDOM,GB,EUROPA,NOCE1,2240.0,149.0
GUARNIZIONE,URUGUAY,UY,AMERICA,AMIP3,173.0,9.0
PRESA PREFORME 48/41,URUGUAY,UY,AMERICA,AMIP3,82.0,9.0
LAMPADA INFRAROSSO,URUGUAY,UY,AMERICA,AMIP3,70.0,9.0
GRUPPO RICAMBI,URUGUAY,UY,AMERICA,AMIP3,51.0,9.0
VITE TCEI,URUGUAY,UY,AMERICA,AMIP3,38.0,9.0
NASTRO,USA,US,AMERICA,AMIP1,1397873.60265625,261.0
PROFILO,USA,US,AMERICA,AMIP1,54139.0,261.0
PIATTO,USA,US,AMERICA,AMIP1,7530.0,261.0
CUSCINETTO A SFERE,USA,US,AMERICA,AMIP1,6602.0,261.0
CAVO,USA,US,AMERICA,AMIP1,5279.0,261.0
NASTRO,UZBEKISTAN,UZ,ASIA,AS,3072.2174999999997,63.0
PROFILO,UZBEKISTAN,UZ,ASIA,AS,1151.0,63.0
GUARNIZIONE,UZBEKISTAN,UZ,ASIA,AS,218.0,63.0
GRUPPO RICAMBI,UZBEKISTAN,UZ,ASIA,AS,154.0,63.0
TUBETTO,UZBEKISTAN,UZ,ASIA,AS,100.0,63.0
NASTRO,VENEZUELA,VE,AMERICA,AMIP3,18398.8984375,36.0
PROFILO,VENEZUELA,VE,AMERICA,AMIP3,4950.0,36.0
CATENA SEMPLICE,VENEZUELA,VE,AMERICA,AMIP3,2544.0,36.0
VITE TBEI,VENEZUELA,VE,AMERICA,AMIP3,870.0,36.0
PETTINE DI TRASFERIMENTO,VENEZUELA,VE,AMERICA,AMIP3,446.0,36.0
NASTRO,VIETNAM,VN,ASIA,RUME4,887823.70625,110.0
PROFILO,VIETNAM,VN,ASIA,RUME4,50050.5,110.0
RULLO,VIETNAM,VN,ASIA,RUME4,4304.0,110.0
PIOLO SEPARATORE,VIETNAM,VN,ASIA,RUME4,2557.0,110.0
PIATTO,VIETNAM,VN,ASIA,RUME4,2430.0,110.0
PROFILO,YEMEN,YE,ASIA,RUME2,5386.0,58.0
GUARNIZIONE,YEMEN,YE,ASIA,RUME2,4031.0,58.0
RONDELLA,YEMEN,YE,ASIA,RUME2,3834.0,58.0
VITE TCEI,YEMEN,YE,ASIA,RUME2,3742.0,58.0
RACCORDO,YEMEN,YE,ASIA,RUME2,2512.0,58.0
NASTRO,ZAMBIA,ZM,AFRICA,AFSE4,24500.5453125,6.0
PROFILO,ZAMBIA,ZM,AFRICA,AFSE4,2602.0,6.0
CUSCINETTO A SFERE,ZAMBIA,ZM,AFRICA,AFSE4,2112.0,6.0
PERNO,ZAMBIA,ZM,AFRICA,AFSE4,1970.0,6.0
BUSSOLA,ZAMBIA,ZM,AFRICA,AFSE4,1596.0,6.0
PROFILO,ZIMBABWE,ZW,AFRICA,AFSE4,3257.0,4.0
NASTRO,ZIMBABWE,ZW,AFRICA,AFSE4,202.25,4.0
RESISTENZA ALETTATA,ZIMBABWE,ZW,AFRICA,AFSE4,132.0,4.0
PIATTO,ZIMBABWE,ZW,AFRICA,AFSE4,126.0,4.0
RACCORDO,ZIMBABWE,ZW,AFRICA,AFSE4,98.0,4.0
