DESCRIZIONE1,COUNTRY,COUNTRY_CODE,MACRO_AREA,MICRO_AREA,QTA_ORDINATA,Numero Macchine,Rapporto Ordinata
NASTRO,AFGHANISTAN,AF,ASIA,RUME3,18304.0,3.0,6101.333333333333
PROFILO,AFGHANISTAN,AF,ASIA,RUME3,1050.0,3.0,350.0
VITE TSPEI,AFGHANISTAN,AF,ASIA,RUME3,424.0,3.0,141.33333333333334
VITE TE,AFGHANISTAN,AF,ASIA,RUME3,332.0,3.0,110.66666666666667
RULLO,AFGHANISTAN,AF,ASIA,RUME3,232.0,3.0,77.33333333333333
NASTRO,ALBANIA,AL,EUROPA,NOCE4,64042.015625,27.0,2371.9265046296296
PROFILO,ALBANIA,AL,EUROPA,NOCE4,2300.0,27.0,85.18518518518519
VITE TBEI,ALBANIA,AL,EUROPA,NOCE4,980.0,27.0,36.2962962962963
MOLLA,ALBANIA,AL,EUROPA,NOCE4,781.0,27.0,28.925925925925927
PIATTO,ALBANIA,AL,EUROPA,NOCE4,434.0,27.0,16.074074074074073
NASTRO,ALGERIA,DZ,AFRICA,AFSE1,411324.779296875,395.0,1041.328555181962
PROFILO,ALGERIA,DZ,AFRICA,AFSE1,81611.669921875,395.0,206.61182258702533
CATENA CERNIERA RETTILINEA,ALGERIA,DZ,AFRICA,AFSE1,24384.0,395.0,61.731645569620255
GUARNIZIONE,ALGERIA,DZ,AFRICA,AFSE1,13332.900390625,395.0,33.75417820411393
TAPPETO,ALGERIA,DZ,AFRICA,AFSE1,12766.0,395.0,32.31898734177215
FOTOCELLULA,ANDORRA,AD,EUROPA,NOCE4,6.0,13.0,0.46153846153846156
INTERRUTTORE,ANDORRA,AD,EUROPA,NOCE4,4.0,13.0,0.3076923076923077
INVERTER,ANDORRA,AD,EUROPA,NOCE4,4.0,13.0,0.3076923076923077
SELETTORE,ANDORRA,AD,EUROPA,NOCE4,4.0,13.0,0.3076923076923077
SENSORE,ANDORRA,AD,EUROPA,NOCE4,4.0,13.0,0.3076923076923077
GUARNIZIONE,ANTIGUA AND BARBUDA,AG,AMERICA,AMIP4,11977.0,7.0,1711.0
CUSCINETTO A SFERE,ANTIGUA AND BARBUDA,AG,AMERICA,AMIP4,2007.0,7.0,286.7142857142857
GUIDA,ANTIGUA AND BARBUDA,AG,AMERICA,AMIP4,1740.0,7.0,248.57142857142858
ANELLO,ANTIGUA AND BARBUDA,AG,AMERICA,AMIP4,1714.0,7.0,244.85714285714286
DISPOSITIVO,ANTIGUA AND BARBUDA,AG,AMERICA,AMIP4,1485.0,7.0,212.14285714285714
NASTRO,AUSTRALIA,AU,OCEANIA,FASP1,641324.86328125,85.0,7544.998391544118
PROFILO,AUSTRALIA,AU,OCEANIA,FASP1,25272.0,85.0,297.3176470588235
CATENA SEMPLICE,AUSTRALIA,AU,OCEANIA,FASP1,6317.80078125,85.0,74.32706801470589
CUSCINETTO A SFERE,AUSTRALIA,AU,OCEANIA,FASP1,2437.0,85.0,28.67058823529412
PIATTO,AUSTRALIA,AU,OCEANIA,FASP1,2305.0,85.0,27.11764705882353
NASTRO,AUSTRIA,AT,EUROPA,NOCE2,86348.453125,38.0,2272.3277138157896
PROFILO,AUSTRIA,AT,EUROPA,NOCE2,3650.0,38.0,96.05263157894737
PIATTO,AUSTRIA,AT,EUROPA,NOCE2,1022.0,38.0,26.894736842105264
ANELLO SEEGER,AUSTRIA,AT,EUROPA,NOCE2,692.0,38.0,18.210526315789473
CUSCINETTO A SFERE,AUSTRIA,AT,EUROPA,NOCE2,644.0,38.0,16.94736842105263
PROFILO,Angola (including Cabinda),AO,AFRICA,AFSE2,5336.0,18.0,296.44444444444446
GRANO,Angola (including Cabinda),AO,AFRICA,AFSE2,2660.0,18.0,147.77777777777777
GUARNIZIONE,Angola (including Cabinda),AO,AFRICA,AFSE2,1709.0,18.0,94.94444444444444
CUSCINETTO A SFERE,Angola (including Cabinda),AO,AFRICA,AFSE2,1548.0,18.0,86.0
LAMPADA INFRAROSSO,Angola (including Cabinda),AO,AFRICA,AFSE2,1481.0,18.0,82.27777777777777
NASTRO,Argentina,AR,AMERICA,AMIP3,478436.15625,60.0,7973.9359375
PROFILO,Argentina,AR,AMERICA,AMIP3,12939.9697265625,60.0,215.666162109375
RULLO,Argentina,AR,AMERICA,AMIP3,2381.0,60.0,39.68333333333333
PETTINE DI TRASFERIMENTO,Argentina,AR,AMERICA,AMIP3,1130.0,60.0,18.833333333333332
PIATTO,Argentina,AR,AMERICA,AMIP3,992.0,60.0,16.533333333333335
VITE TBEI,Armenia,AM,ASIA,RUME2,1120.0,10.0,112.0
PROFILO,Armenia,AM,ASIA,RUME2,700.0,10.0,70.0
CUSCINETTO A SFERE,Armenia,AM,ASIA,RUME2,78.0,10.0,7.8
VENTOSA,Armenia,AM,ASIA,RUME2,78.0,10.0,7.8
LAMA,Armenia,AM,ASIA,RUME2,62.0,10.0,6.2
NASTRO,Azerbaijan,AZ,ASIA,RUME2,103890.453125,16.0,6493.1533203125
PROFILO,Azerbaijan,AZ,ASIA,RUME2,5128.0,16.0,320.5
CUSCINETTO A SFERE,Azerbaijan,AZ,ASIA,RUME2,1573.0,16.0,98.3125
RULLO,Azerbaijan,AZ,ASIA,RUME2,900.0,16.0,56.25
PIATTO,Azerbaijan,AZ,ASIA,RUME2,787.0,16.0,49.1875
CATENA CERNIERA DOPPIA,BAHRAIN,BH,ASIA,RUME2,24384.0,9.0,2709.3333333333335
PROFILO,BAHRAIN,BH,ASIA,RUME2,2400.0,9.0,266.6666666666667
PETTINE DI TRASFERIMENTO,BAHRAIN,BH,ASIA,RUME2,420.0,9.0,46.666666666666664
PIATTO,BAHRAIN,BH,ASIA,RUME2,148.0,9.0,16.444444444444443
GRANO,BAHRAIN,BH,ASIA,RUME2,140.0,9.0,15.555555555555555
NASTRO,BANGLADESH,BD,ASIA,RUME3,125053.177734375,21.0,5954.913225446428
PROFILO,BANGLADESH,BD,ASIA,RUME3,22452.0,21.0,1069.142857142857
MOLLA,BANGLADESH,BD,ASIA,RUME3,2369.0,21.0,112.80952380952381
LAMPADA INFRAROSSO,BANGLADESH,BD,ASIA,RUME3,1997.0,21.0,95.0952380952381
GUARNIZIONE,BANGLADESH,BD,ASIA,RUME3,1582.0,21.0,75.33333333333333
GUARNIZIONE,Belarus,BY,EUROPA,NOCE3,12044.0,27.0,446.0740740740741
NASTRO,Belarus,BY,EUROPA,NOCE3,9144.0,27.0,338.6666666666667
DISPOSITIVO,Belarus,BY,EUROPA,NOCE3,2548.0,27.0,94.37037037037037
ACCESSORI,Belarus,BY,EUROPA,NOCE3,2020.0,27.0,74.81481481481481
ANELLO,Belarus,BY,EUROPA,NOCE3,1617.0,27.0,59.888888888888886
NASTRO,Belgium,BE,EUROPA,NOCE2,42728.6484375,28.0,1526.023158482143
PROFILO,Belgium,BE,EUROPA,NOCE2,4955.0,28.0,176.96428571428572
VITE TBEI,Belgium,BE,EUROPA,NOCE2,520.0,28.0,18.571428571428573
CUSCINETTO A SFERE,Belgium,BE,EUROPA,NOCE2,348.0,28.0,12.428571428571429
PIATTO,Belgium,BE,EUROPA,NOCE2,262.0,28.0,9.357142857142858
NASTRO,Benin,BJ,AFRICA,AFSE5,3957.796875,2.0,1978.8984375
PROFILO,Benin,BJ,AFRICA,AFSE5,1080.0,2.0,540.0
GUARNIZIONE,Benin,BJ,AFRICA,AFSE5,424.0,2.0,212.0
GRUPPO RICAMBI,Benin,BJ,AFRICA,AFSE5,374.0,2.0,187.0
PRESA PREFORME 29/25,Benin,BJ,AFRICA,AFSE5,238.0,2.0,119.0
NASTRO,Bolivia,BO,AMERICA,AMIP3,12236.296875,7.0,1748.0424107142858
PROFILO,Bolivia,BO,AMERICA,AMIP3,3700.0,7.0,528.5714285714286
CUSCINETTO A SFERE,Bolivia,BO,AMERICA,AMIP3,307.0,7.0,43.857142857142854
MOLLA A COMPRESSIONE,Bolivia,BO,AMERICA,AMIP3,153.0,7.0,21.857142857142858
ANELLO SEEGER,Bolivia,BO,AMERICA,AMIP3,110.0,7.0,15.714285714285714
NASTRO,Bosnia and Herzegovina,BA,EUROPA,NOCE4,28199.240234375,23.0,1226.0539232336957
PROFILO,Bosnia and Herzegovina,BA,EUROPA,NOCE4,2553.0,23.0,111.0
GUARNIZIONE,Bosnia and Herzegovina,BA,EUROPA,NOCE4,478.0,23.0,20.782608695652176
RONDELLA,Bosnia and Herzegovina,BA,EUROPA,NOCE4,418.0,23.0,18.17391304347826
VITE TBEI,Bosnia and Herzegovina,BA,EUROPA,NOCE4,370.0,23.0,16.08695652173913
NASTRO,Brazil,BR,AMERICA,AMIP3,1432520.287109375,119.0,12037.985605961134
CATENA CERNIERA RETTILINEA,Brazil,BR,AMERICA,AMIP3,131116.2109375,119.0,1101.8168986344538
PROFILO,Brazil,BR,AMERICA,AMIP3,54413.75,119.0,457.25840336134456
CUSCINETTO A SFERE,Brazil,BR,AMERICA,AMIP3,18952.0,119.0,159.26050420168067
PIATTO,Brazil,BR,AMERICA,AMIP3,6114.0,119.0,51.378151260504204
PROFILO,Bulgaria,BG,EUROPA,NOCE3,12707.0,31.0,409.9032258064516
GUARNIZIONE,Bulgaria,BG,EUROPA,NOCE3,5281.0,31.0,170.3548387096774
GRUPPO RICAMBI,Bulgaria,BG,EUROPA,NOCE3,1419.0,31.0,45.774193548387096
TONDO,Bulgaria,BG,EUROPA,NOCE3,730.0,31.0,23.548387096774192
LAMPADA INFRAROSSO,Bulgaria,BG,EUROPA,NOCE3,665.0,31.0,21.451612903225808
NASTRO,CANADA,CA,AMERICA,AMIP1,517266.572265625,104.0,4973.717041015625
PROFILO,CANADA,CA,AMERICA,AMIP1,8246.0,104.0,79.28846153846153
GUARNIZIONE,CANADA,CA,AMERICA,AMIP1,2223.0,104.0,21.375
RULLO,CANADA,CA,AMERICA,AMIP1,1498.0,104.0,14.403846153846153
PIATTO,CANADA,CA,AMERICA,AMIP1,1463.0,104.0,14.067307692307692
NASTRO,CHINA,CN,ASIA,RUME1,3870937.0361328125,800.0,4838.671295166016
CATENA CERNIERA SINGOLA,CHINA,CN,ASIA,RUME1,73240.05078125,800.0,91.5500634765625
PROFILO,CHINA,CN,ASIA,RUME1,43612.0,800.0,54.515
RULLO,CHINA,CN,ASIA,RUME1,14871.0,800.0,18.58875
LEVA,CHINA,CN,ASIA,RUME1,13318.0,800.0,16.6475
NASTRO,COLOMBIA,CO,AMERICA,AMIP3,109009.732421875,43.0,2535.1100563226746
PROFILO,COLOMBIA,CO,AMERICA,AMIP3,38623.25,43.0,898.2151162790698
CUSCINETTO A SFERE,COLOMBIA,CO,AMERICA,AMIP3,7150.0,43.0,166.27906976744185
RACCORDO,COLOMBIA,CO,AMERICA,AMIP3,3186.0,43.0,74.09302325581395
GUARNIZIONE,COLOMBIA,CO,AMERICA,AMIP3,3066.0,43.0,71.30232558139535
GRANO,COSTA RICA,CR,AMERICA,AMIP2,1334.0,10.0,133.4
PERNO,COSTA RICA,CR,AMERICA,AMIP2,999.0,10.0,99.9
CUSCINETTO A SFERE,COSTA RICA,CR,AMERICA,AMIP2,778.0,10.0,77.8
BUSSOLA,COSTA RICA,CR,AMERICA,AMIP2,629.0,10.0,62.9
MOLLA,COSTA RICA,CR,AMERICA,AMIP2,364.0,10.0,36.4
NASTRO,CROATIA,HR,EUROPA,NOCE4,332205.681640625,52.0,6388.57080078125
PROFILO,CROATIA,HR,EUROPA,NOCE4,15695.0,52.0,301.8269230769231
CATENA SEMPLICE,CROATIA,HR,EUROPA,NOCE4,9904.0,52.0,190.46153846153845
VITE TBEI,CROATIA,HR,EUROPA,NOCE4,1680.0,52.0,32.30769230769231
CUSCINETTO A SFERE,CROATIA,HR,EUROPA,NOCE4,1330.0,52.0,25.576923076923077
NASTRO,CYPRUS,CY,EUROPA,NOCE4,12248.0,13.0,942.1538461538462
PROFILO,CYPRUS,CY,EUROPA,NOCE4,4900.0,13.0,376.9230769230769
VITE TBEI,CYPRUS,CY,EUROPA,NOCE4,780.0,13.0,60.0
PETTINE DI TRASFERIMENTO,CYPRUS,CY,EUROPA,NOCE4,320.0,13.0,24.615384615384617
CUSCINETTO A SFERE,CYPRUS,CY,EUROPA,NOCE4,162.0,13.0,12.461538461538462
GUARNIZIONE,Cambodia,KH,ASIA,RUME4,2945.0,9.0,327.22222222222223
MOLLA,Cambodia,KH,ASIA,RUME4,510.0,9.0,56.666666666666664
GRUPPO VALVOLA,Cambodia,KH,ASIA,RUME4,396.0,9.0,44.0
PERNO,Cambodia,KH,ASIA,RUME4,389.0,9.0,43.22222222222222
VITE TCEI,Cambodia,KH,ASIA,RUME4,300.0,9.0,33.333333333333336
GRANO,Cameroon,CM,AFRICA,AFSE2,248.0,6.0,41.333333333333336
MOLLA,Cameroon,CM,AFRICA,AFSE2,240.0,6.0,40.0
PIATTO,Cameroon,CM,AFRICA,AFSE2,207.0,6.0,34.5
RULLO,Cameroon,CM,AFRICA,AFSE2,126.0,6.0,21.0
CUSCINETTO A SFERE,Cameroon,CM,AFRICA,AFSE2,122.0,6.0,20.333333333333332
NASTRO,Canary Islands,IC,EUROPA,,771603.44921875,39.0,19784.703826121793
MOLLA A COMPRESSIONE,Canary Islands,IC,EUROPA,,4475.0,39.0,114.74358974358974
GUARNIZIONE,Canary Islands,IC,EUROPA,,3511.0,39.0,90.02564102564102
GRUPPO RICAMBI,Canary Islands,IC,EUROPA,,3499.0,39.0,89.71794871794872
PROFILO,Canary Islands,IC,EUROPA,,3132.0,39.0,80.3076923076923
CATENA CERNIERA SINGOLA,Cape Verde,CV,AFRICA,AFSE5,201168.0,9.0,22352.0
GUARNIZIONE,Cape Verde,CV,AFRICA,AFSE5,17074.0,9.0,1897.111111111111
BOCCOLA,Cape Verde,CV,AFRICA,AFSE5,6627.0,9.0,736.3333333333334
DISPOSITIVO,Cape Verde,CV,AFRICA,AFSE5,3250.0,9.0,361.1111111111111
MOLLA,Cape Verde,CV,AFRICA,AFSE5,3003.0,9.0,333.6666666666667
NASTRO,Chile,CL,AMERICA,AMIP3,545985.2265625,43.0,12697.330850290698
PROFILO,Chile,CL,AMERICA,AMIP3,11565.0,43.0,268.95348837209303
RULLO,Chile,CL,AMERICA,AMIP3,979.0,43.0,22.767441860465116
RONDELLA,Chile,CL,AMERICA,AMIP3,826.0,43.0,19.209302325581394
TONDO,Chile,CL,AMERICA,AMIP3,751.0,43.0,17.46511627906977
NASTRO,"Congo, Republic of",CG,AFRICA,AFSE2,21387.796875,6.0,3564.6328125
PROFILO,"Congo, Republic of",CG,AFRICA,AFSE2,6150.0,6.0,1025.0
VITE TCEI,"Congo, Republic of",CG,AFRICA,AFSE2,2416.0,6.0,402.6666666666667
GUARNIZIONE,"Congo, Republic of",CG,AFRICA,AFSE2,1268.0,6.0,211.33333333333334
CUSCINETTO A SFERE,"Congo, Republic of",CG,AFRICA,AFSE2,1251.0,6.0,208.5
NASTRO,Czech Republic,CZ,EUROPA,NOCE3,39818.8671875,42.0,948.0682663690476
PROFILO,Czech Republic,CZ,EUROPA,NOCE3,4489.0,42.0,106.88095238095238
VITE TBEI,Czech Republic,CZ,EUROPA,NOCE3,980.0,42.0,23.333333333333332
PIATTO,Czech Republic,CZ,EUROPA,NOCE3,683.0,42.0,16.261904761904763
MOLLA,Czech Republic,CZ,EUROPA,NOCE3,480.0,42.0,11.428571428571429
CATENA CERNIERA RETTILINEA,DENMARK,DK,EUROPA,NOCE1,18288.0,7.0,2612.5714285714284
NASTRO,DENMARK,DK,EUROPA,NOCE1,16708.0,7.0,2386.8571428571427
PROFILO,DENMARK,DK,EUROPA,NOCE1,1920.0,7.0,274.2857142857143
PERNO,DENMARK,DK,EUROPA,NOCE1,444.0,7.0,63.42857142857143
BUSSOLA,DENMARK,DK,EUROPA,NOCE1,428.0,7.0,61.142857142857146
NASTRO,Democratic Rep. of the Congo,CD,AFRICA,AFSE2,51905.375,5.0,10381.075
PROFILO,Democratic Rep. of the Congo,CD,AFRICA,AFSE2,6406.0,5.0,1281.2
GRUPPO MANDRINO PASSO 50,Democratic Rep. of the Congo,CD,AFRICA,AFSE2,888.0,5.0,177.6
VITE TCEI,Democratic Rep. of the Congo,CD,AFRICA,AFSE2,610.0,5.0,122.0
FIBRA OTTICA,Democratic Rep. of the Congo,CD,AFRICA,AFSE2,600.0,5.0,120.0
NASTRO,Dominican Republic,DO,AMERICA,AMIP4,259456.15625,38.0,6827.793585526316
PROFILO,Dominican Republic,DO,AMERICA,AMIP4,7329.0,38.0,192.8684210526316
CUSCINETTO A SFERE,Dominican Republic,DO,AMERICA,AMIP4,1040.0,38.0,27.36842105263158
PIATTO,Dominican Republic,DO,AMERICA,AMIP4,826.0,38.0,21.736842105263158
MOLLA,Dominican Republic,DO,AMERICA,AMIP4,650.0,38.0,17.105263157894736
NASTRO,ECUADOR,EC,AMERICA,AMIP3,264696.484375,20.0,13234.82421875
CATENA CERNIERA RETTILINEA,ECUADOR,EC,AMERICA,AMIP3,6096.0,20.0,304.8
PROFILO,ECUADOR,EC,AMERICA,AMIP3,4700.0,20.0,235.0
PIATTO,ECUADOR,EC,AMERICA,AMIP3,547.0,20.0,27.35
PETTINE DI TRASFERIMENTO,ECUADOR,EC,AMERICA,AMIP3,340.0,20.0,17.0
NASTRO,EGYPT,EG,AFRICA,AFSE1,1531667.2280273438,95.0,16122.812926603618
PROFILO,EGYPT,EG,AFRICA,AFSE1,47492.8984375,95.0,499.9252467105263
CUSCINETTO A SFERE,EGYPT,EG,AFRICA,AFSE1,7165.0,95.0,75.42105263157895
GUARNIZIONE,EGYPT,EG,AFRICA,AFSE1,3775.0,95.0,39.73684210526316
TONDO,EGYPT,EG,AFRICA,AFSE1,3419.0,95.0,35.98947368421052
NASTRO,EL SALVADOR,SV,AMERICA,AMIP2,326354.6640625,8.0,40794.3330078125
PROFILO,EL SALVADOR,SV,AMERICA,AMIP2,12784.0,8.0,1598.0
PIATTO,EL SALVADOR,SV,AMERICA,AMIP2,338.0,8.0,42.25
PETTINE DI TRASFERIMENTO,EL SALVADOR,SV,AMERICA,AMIP2,294.0,8.0,36.75
SUPPORTO,EL SALVADOR,SV,AMERICA,AMIP2,213.0,8.0,26.625
LAMA,EQUATORIAL GUINEA,GQ,AFRICA,AFSE2,4.0,1.0,4.0
POSYC (PROG.),EQUATORIAL GUINEA,GQ,AFRICA,AFSE2,3.0,1.0,3.0
SERVOMOTORE BRUSHLESS,EQUATORIAL GUINEA,GQ,AFRICA,AFSE2,2.0,1.0,2.0
PROFILO,ESTONIA,EE,EUROPA,NOCE1,500.0,7.0,71.42857142857143
PIATTO,ESTONIA,EE,EUROPA,NOCE1,102.0,7.0,14.571428571428571
VITE TBEI,ESTONIA,EE,EUROPA,NOCE1,100.0,7.0,14.285714285714286
VENTOSA,ESTONIA,EE,EUROPA,NOCE1,73.0,7.0,10.428571428571429
TUBO,ESTONIA,EE,EUROPA,NOCE1,54.0,7.0,7.714285714285714
NASTRO,ETHIOPIA,ET,AFRICA,AFSE4,164745.1484375,13.0,12672.703725961539
PROFILO,ETHIOPIA,ET,AFRICA,AFSE4,2726.0,13.0,209.69230769230768
MOLLA,ETHIOPIA,ET,AFRICA,AFSE4,582.0,13.0,44.76923076923077
CUSCINETTO A SFERE,ETHIOPIA,ET,AFRICA,AFSE4,408.0,13.0,31.384615384615383
VITE TE,ETHIOPIA,ET,AFRICA,AFSE4,404.0,13.0,31.076923076923077
PROFILO,FINLAND,FI,EUROPA,NOCE1,404.0,23.0,17.565217391304348
RULLO,FINLAND,FI,EUROPA,NOCE1,128.0,23.0,5.565217391304348
PIATTO,FINLAND,FI,EUROPA,NOCE1,122.0,23.0,5.304347826086956
GUIDA CATENA,FINLAND,FI,EUROPA,NOCE1,108.0,23.0,4.695652173913044
MOLLA A COMPRESSIONE,FINLAND,FI,EUROPA,NOCE1,105.0,23.0,4.565217391304348
NASTRO,FRANCE,FR,EUROPA,NOCE2,515981.21484375,217.0,2377.7936167914745
CATENA CERNIERA RETTILINEA,FRANCE,FR,EUROPA,NOCE2,27467.796875,217.0,126.57970910138249
PROFILO,FRANCE,FR,EUROPA,NOCE2,6450.0,217.0,29.723502304147466
GUARNIZIONE,FRANCE,FR,EUROPA,NOCE2,4570.0,217.0,21.05990783410138
BUSSOLA,FRANCE,FR,EUROPA,NOCE2,2666.0,217.0,12.285714285714286
MANIGLIA,French Guiana,GF,AMERICA,AMIP3,64.0,2.0,32.0
ANELLO SEEGER,French Guiana,GF,AMERICA,AMIP3,40.0,2.0,20.0
CAMERA D'ARIA,French Guiana,GF,AMERICA,AMIP3,20.0,2.0,10.0
GUARNIZIONE,French Guiana,GF,AMERICA,AMIP3,20.0,2.0,10.0
VITE TE AUTOFORMANTE,French Guiana,GF,AMERICA,AMIP3,20.0,2.0,10.0
VITE TBEI,French Polynesia,PF,OCEANIA,FASP4,100.0,6.0,16.666666666666668
PETTINE DI TRASFERIMENTO,French Polynesia,PF,OCEANIA,FASP4,80.0,6.0,13.333333333333334
ANELLO SEEGER,French Polynesia,PF,OCEANIA,FASP4,60.0,6.0,10.0
CUSCINETTO A SFERE,French Polynesia,PF,OCEANIA,FASP4,44.0,6.0,7.333333333333333
TUBO,French Polynesia,PF,OCEANIA,FASP4,41.0,6.0,6.833333333333333
NASTRO,GEORGIA,GE,ASIA,RUME2,85378.203125,62.0,1377.0677923387098
CATENA SEMPLICE,GEORGIA,GE,ASIA,RUME2,15335.7421875,62.0,247.35068044354838
PROFILO,GEORGIA,GE,ASIA,RUME2,9648.0,62.0,155.61290322580646
GUARNIZIONE,GEORGIA,GE,ASIA,RUME2,2253.0,62.0,36.33870967741935
GUIDA,GEORGIA,GE,ASIA,RUME2,994.0,62.0,16.032258064516128
CATENA CERNIERA SINGOLA,GIBUTI,DJ,AFRICA,AFSE4,94496.0,7.0,13499.42857142857
PROFILO,GIBUTI,DJ,AFRICA,AFSE4,704.0,7.0,100.57142857142857
GUARNIZIONE,GIBUTI,DJ,AFRICA,AFSE4,412.0,7.0,58.857142857142854
LAMPADA INFRAROSSO,GIBUTI,DJ,AFRICA,AFSE4,300.0,7.0,42.857142857142854
PIGNONE PER NASTRO,GIBUTI,DJ,AFRICA,AFSE4,180.0,7.0,25.714285714285715
PROFILO,GUADELOUPE,GP,AMERICA,AMIP4,1200.0,6.0,200.0
CAMERA D'ARIA,GUADELOUPE,GP,AMERICA,AMIP4,95.0,6.0,15.833333333333334
RULLO,GUADELOUPE,GP,AMERICA,AMIP4,88.0,6.0,14.666666666666666
PIATTO,GUADELOUPE,GP,AMERICA,AMIP4,71.0,6.0,11.833333333333334
CINGHIA DENTATA,GUADELOUPE,GP,AMERICA,AMIP4,28.0,6.0,4.666666666666667
NASTRO,GUATEMALA,GT,AMERICA,AMIP2,324475.5546875,25.0,12979.0221875
CUSCINETTO A SFERE,GUATEMALA,GT,AMERICA,AMIP2,3343.0,25.0,133.72
PROFILO,GUATEMALA,GT,AMERICA,AMIP2,2957.0,25.0,118.28
PIATTO,GUATEMALA,GT,AMERICA,AMIP2,1749.0,25.0,69.96
RULLO,GUATEMALA,GT,AMERICA,AMIP2,1571.0,25.0,62.84
CAVO,GUYANA,GY,AMERICA,AMIP3,239.0,1.0,239.0
FUSIBILE,GUYANA,GY,AMERICA,AMIP3,192.0,1.0,192.0
CUSCINETTO A SFERE,GUYANA,GY,AMERICA,AMIP3,186.0,1.0,186.0
VITE TBEI,GUYANA,GY,AMERICA,AMIP3,160.0,1.0,160.0
TAPPETO,GUYANA,GY,AMERICA,AMIP3,86.0,1.0,86.0
NASTRO,Germany,DE,EUROPA,NOCE2,330413.0107421875,99.0,3337.505159011995
CUSCINETTO A SFERE,Germany,DE,EUROPA,NOCE2,10800.0,99.0,109.0909090909091
ANELLO SEEGER,Germany,DE,EUROPA,NOCE2,10440.0,99.0,105.45454545454545
PROFILO,Germany,DE,EUROPA,NOCE2,8832.0,99.0,89.21212121212122
PIATTO,Germany,DE,EUROPA,NOCE2,2804.0,99.0,28.32323232323232
PROFILO,Ghana,GH,AFRICA,AFSE5,4032.0,21.0,192.0
GUIDA,Ghana,GH,AFRICA,AFSE5,600.0,21.0,28.571428571428573
CUSCINETTO A SFERE,Ghana,GH,AFRICA,AFSE5,536.0,21.0,25.523809523809526
GUARNIZIONE,Ghana,GH,AFRICA,AFSE5,380.0,21.0,18.095238095238095
RULLO,Ghana,GH,AFRICA,AFSE5,366.0,21.0,17.428571428571427
NASTRO,Greece,GR,EUROPA,NOCE4,244133.26171875,94.0,2597.162358710106
PROFILO,Greece,GR,EUROPA,NOCE4,18349.0,94.0,195.20212765957447
MOLLA,Greece,GR,EUROPA,NOCE4,1486.0,94.0,15.808510638297872
PIATTO,Greece,GR,EUROPA,NOCE4,1331.0,94.0,14.159574468085106
VITE TBEI,Greece,GR,EUROPA,NOCE4,1240.0,94.0,13.191489361702128
NASTRO,HAITI,HT,AMERICA,AMIP4,100776.6875,15.0,6718.445833333333
PROFILO,HAITI,HT,AMERICA,AMIP4,974.0,15.0,64.93333333333334
RONDELLA,HAITI,HT,AMERICA,AMIP4,600.0,15.0,40.0
CUSCINETTO A SFERE,HAITI,HT,AMERICA,AMIP4,545.0,15.0,36.333333333333336
GUIDA,HAITI,HT,AMERICA,AMIP4,520.0,15.0,34.666666666666664
NASTRO,HONDURAS,HN,AMERICA,AMIP2,247098.453125,6.0,41183.075520833336
PROFILO,HONDURAS,HN,AMERICA,AMIP2,3020.0,6.0,503.3333333333333
RULLO,HONDURAS,HN,AMERICA,AMIP2,1235.0,6.0,205.83333333333334
PIATTO,HONDURAS,HN,AMERICA,AMIP2,727.0,6.0,121.16666666666667
PERNO,HONDURAS,HN,AMERICA,AMIP2,566.0,6.0,94.33333333333333
NASTRO,HUNGARY,HU,EUROPA,NOCE3,54864.0,34.0,1613.6470588235295
PROFILO,HUNGARY,HU,EUROPA,NOCE3,2952.0,34.0,86.82352941176471
GRANO,HUNGARY,HU,EUROPA,NOCE3,640.0,34.0,18.823529411764707
RULLO,HUNGARY,HU,EUROPA,NOCE3,385.0,34.0,11.323529411764707
VITE TBEI,HUNGARY,HU,EUROPA,NOCE3,360.0,34.0,10.588235294117647
NASTRO,Hong Kong,HK,ASIA,RUME1,6096.0,6.0,1016.0
GRUPPO FORMATRICE,Hong Kong,HK,ASIA,RUME1,141.0,6.0,23.5
MOLLA,Hong Kong,HK,ASIA,RUME1,100.0,6.0,16.666666666666668
CUSCINETTO A SFERE,Hong Kong,HK,ASIA,RUME1,80.0,6.0,13.333333333333334
VITE TBEI,Hong Kong,HK,ASIA,RUME1,80.0,6.0,13.333333333333334
NASTRO,ITALY,IT,EUROPA,NOCE4,723172.966796875,847.0,853.8051556043389
PROFILO,ITALY,IT,EUROPA,NOCE4,63891.0,847.0,75.43211334120426
CATENA CERNIERA RETTILINEA,ITALY,IT,EUROPA,NOCE4,48774.0,847.0,57.58441558441559
VITE TBEI,ITALY,IT,EUROPA,NOCE4,5844.0,847.0,6.899645808736718
PIATTO,ITALY,IT,EUROPA,NOCE4,5625.0,847.0,6.641086186540732
NASTRO,India,IN,ASIA,RUME3,281156.3828125,63.0,4462.79972718254
PROFILO,India,IN,ASIA,RUME3,24114.0,63.0,382.76190476190476
CUSCINETTO A SFERE,India,IN,ASIA,RUME3,5497.0,63.0,87.25396825396825
PIATTO,India,IN,ASIA,RUME3,3299.0,63.0,52.36507936507937
RULLO,India,IN,ASIA,RUME3,3213.0,63.0,51.0
NASTRO,Indonesia,ID,ASIA,RUME4,815148.94140625,69.0,11813.752774003624
CATENA CERNIERA SINGOLA,Indonesia,ID,ASIA,RUME4,24405.0,69.0,353.69565217391306
CATENA SEMPLICE,Indonesia,ID,ASIA,RUME4,18573.50390625,69.0,269.1812160326087
CATENA CERNIERA DOPPIA,Indonesia,ID,ASIA,RUME4,9147.0,69.0,132.56521739130434
VITE TSPEI,Indonesia,ID,ASIA,RUME4,3183.0,69.0,46.130434782608695
NASTRO,Iraq,IQ,ASIA,RUME2,731213.8359375,208.0,3515.451134314904
PROFILO,Iraq,IQ,ASIA,RUME2,33271.0,208.0,159.95673076923077
CUSCINETTO A SFERE,Iraq,IQ,ASIA,RUME2,11725.0,208.0,56.37019230769231
GRUPPO RICAMBI,Iraq,IQ,ASIA,RUME2,8723.0,208.0,41.9375
PERNO,Iraq,IQ,ASIA,RUME2,8199.0,208.0,39.41826923076923
NASTRO,Ireland,IE,EUROPA,NOCE1,27584.890625,29.0,951.203125
CATENA CERNIERA SINGOLA,Ireland,IE,EUROPA,NOCE1,18288.0,29.0,630.6206896551724
TONDO,Ireland,IE,EUROPA,NOCE1,1055.0,29.0,36.37931034482759
MOLLA A COMPRESSIONE,Ireland,IE,EUROPA,NOCE1,825.0,29.0,28.448275862068964
RONDELLA,Ireland,IE,EUROPA,NOCE1,727.0,29.0,25.06896551724138
NASTRO,Islamic Republic of Iran,IR,ASIA,RUME3,163230.326171875,145.0,1125.7263873922413
PROFILO,Islamic Republic of Iran,IR,ASIA,RUME3,73996.0,145.0,510.31724137931036
GRUPPO RICAMBI,Islamic Republic of Iran,IR,ASIA,RUME3,4294.0,145.0,29.613793103448277
BUSSOLA,Islamic Republic of Iran,IR,ASIA,RUME3,3876.0,145.0,26.73103448275862
CATENA SEMPLICE,Islamic Republic of Iran,IR,ASIA,RUME3,3529.0,145.0,24.337931034482757
NASTRO,Israel,IL,ASIA,RUME2,48883.931640625,48.0,1018.4152425130209
PROFILO,Israel,IL,ASIA,RUME2,4323.0,48.0,90.0625
GUARNIZIONE,Israel,IL,ASIA,RUME2,1264.0,48.0,26.333333333333332
CUSCINETTO A SFERE,Israel,IL,ASIA,RUME2,900.0,48.0,18.75
SFERA,Israel,IL,ASIA,RUME2,864.0,48.0,18.0
NASTRO,Ivory Coast,CI,AFRICA,AFSE5,10559.5625,6.0,1759.9270833333333
CUSCINETTO A SFERE,Ivory Coast,CI,AFRICA,AFSE5,2864.0,6.0,477.3333333333333
GUARNIZIONE,Ivory Coast,CI,AFRICA,AFSE5,2404.0,6.0,400.6666666666667
PROFILO,Ivory Coast,CI,AFRICA,AFSE5,2400.0,6.0,400.0
VITE TCEI,Ivory Coast,CI,AFRICA,AFSE5,1881.0,6.0,313.5
NASTRO,JAMAICA,JM,AMERICA,AMIP4,336081.9921875,23.0,14612.260529891304
PROFILO,JAMAICA,JM,AMERICA,AMIP4,36811.0,23.0,1600.4782608695652
CUSCINETTO A SFERE,JAMAICA,JM,AMERICA,AMIP4,1224.0,23.0,53.21739130434783
RULLO,JAMAICA,JM,AMERICA,AMIP4,1210.0,23.0,52.608695652173914
PIATTO,JAMAICA,JM,AMERICA,AMIP4,973.0,23.0,42.30434782608695
PROFILO,JAPAN,JP,ASIA,RUME1,4230.0,11.0,384.54545454545456
NASTRO,JAPAN,JP,ASIA,RUME1,3277.6796875,11.0,297.9708806818182
GRUPPO RICAMBI,JAPAN,JP,ASIA,RUME1,1911.0,11.0,173.72727272727272
TONDO,JAPAN,JP,ASIA,RUME1,1910.0,11.0,173.63636363636363
MOLLA A COMPRESSIONE,JAPAN,JP,ASIA,RUME1,1819.0,11.0,165.36363636363637
NASTRO,Jordan,JO,ASIA,RUME2,533550.703125,30.0,17785.0234375
PROFILO,Jordan,JO,ASIA,RUME2,29756.0,30.0,991.8666666666667
CUSCINETTO A SFERE,Jordan,JO,ASIA,RUME2,3034.0,30.0,101.13333333333334
RULLO,Jordan,JO,ASIA,RUME2,1652.0,30.0,55.06666666666667
ANELLO SEEGER,Jordan,JO,ASIA,RUME2,1548.0,30.0,51.6
NASTRO,KENYA,KE,AFRICA,AFSE4,514185.703125,11.0,46744.154829545456
PRESA PREFORME PCO/BPF/267Novembal,KENYA,KE,AFRICA,AFSE4,2196.0,11.0,199.63636363636363
CUSCINETTO A SFERE,KENYA,KE,AFRICA,AFSE4,2124.0,11.0,193.0909090909091
GRUPPO RICAMBI,KENYA,KE,AFRICA,AFSE4,1995.0,11.0,181.36363636363637
SPINA CILINDRICA,KENYA,KE,AFRICA,AFSE4,1664.0,11.0,151.27272727272728
PROFILO,KOSOVO,XK,EUROPA,NOCE4,7450.0,15.0,496.6666666666667
VITE TCEI,KOSOVO,XK,EUROPA,NOCE4,460.0,15.0,30.666666666666668
GUARNIZIONE,KOSOVO,XK,EUROPA,NOCE4,438.0,15.0,29.2
GRUPPO RICAMBI,KOSOVO,XK,EUROPA,NOCE4,238.0,15.0,15.866666666666667
PIATTO,KOSOVO,XK,EUROPA,NOCE4,236.0,15.0,15.733333333333333
NASTRO,KYRGYZSTAN,KG,ASIA,AS,91437.44921875,8.0,11429.68115234375
PROFILO,KYRGYZSTAN,KG,ASIA,AS,2100.0,8.0,262.5
MOLLA A TAZZA,KYRGYZSTAN,KG,ASIA,AS,480.0,8.0,60.0
CUSCINETTO A SFERE,KYRGYZSTAN,KG,ASIA,AS,269.0,8.0,33.625
VITE TBEI,KYRGYZSTAN,KG,ASIA,AS,200.0,8.0,25.0
NASTRO,Kazakhstan,KZ,ASIA,AS,416549.625,44.0,9467.036931818182
PROFILO,Kazakhstan,KZ,ASIA,AS,27722.0,44.0,630.0454545454545
CUSCINETTO A SFERE,Kazakhstan,KZ,ASIA,AS,716.0,44.0,16.272727272727273
PETTINE DI TRASFERIMENTO,Kazakhstan,KZ,ASIA,AS,711.0,44.0,16.15909090909091
PIATTO,Kazakhstan,KZ,ASIA,AS,548.0,44.0,12.454545454545455
NASTRO,Kuwait,KW,ASIA,RUME2,851120.255859375,35.0,24317.721595982144
PROFILO,Kuwait,KW,ASIA,RUME2,6941.0,35.0,198.31428571428572
CUSCINETTO A SFERE,Kuwait,KW,ASIA,RUME2,1406.0,35.0,40.17142857142857
GRUPPO RICAMBI,Kuwait,KW,ASIA,RUME2,1353.0,35.0,38.65714285714286
PIATTO,Kuwait,KW,ASIA,RUME2,1306.0,35.0,37.31428571428572
NASTRO,"Lao, People's Dem. Rep.",LA,ASIA,RUME4,78296.9453125,3.0,26098.981770833332
CATENA SEMPLICE,"Lao, People's Dem. Rep.",LA,ASIA,RUME4,3429.0,3.0,1143.0
PIATTO,"Lao, People's Dem. Rep.",LA,ASIA,RUME4,665.0,3.0,221.66666666666666
RONDELLA,"Lao, People's Dem. Rep.",LA,ASIA,RUME4,446.0,3.0,148.66666666666666
PROFILO,"Lao, People's Dem. Rep.",LA,ASIA,RUME4,300.0,3.0,100.0
NASTRO,Latvia,LV,EUROPA,NOCE1,121924.0,10.0,12192.4
PROFILO,Latvia,LV,EUROPA,NOCE1,3750.0,10.0,375.0
VITE TBEI,Latvia,LV,EUROPA,NOCE1,340.0,10.0,34.0
RULLO,Latvia,LV,EUROPA,NOCE1,272.0,10.0,27.2
GUARNIZIONE,Latvia,LV,EUROPA,NOCE1,190.0,10.0,19.0
NASTRO,Lebanon,LB,ASIA,RUME2,296451.25,35.0,8470.035714285714
CATENA SEMPLICE,Lebanon,LB,ASIA,RUME2,13300.22265625,35.0,380.0063616071429
PROFILO,Lebanon,LB,ASIA,RUME2,4579.8984375,35.0,130.85424107142856
PIATTO,Lebanon,LB,ASIA,RUME2,1029.0,35.0,29.4
ANELLO SEEGER,Lebanon,LB,ASIA,RUME2,900.0,35.0,25.714285714285715
PETTINE DI TRASFERIMENTO,Liberia,LR,AFRICA,AFSE5,30.0,1.0,30.0
CINGHIA DENTATA,Liberia,LR,AFRICA,AFSE5,3.0,1.0,3.0
GRUPPO ALBERO PORTA BOBINA,Liberia,LR,AFRICA,AFSE5,3.0,1.0,3.0
GRUPPO AGGIORNAMENTO,Liberia,LR,AFRICA,AFSE5,2.0,1.0,2.0
GRUPPO CATENA,Liberia,LR,AFRICA,AFSE5,2.0,1.0,2.0
NASTRO,Libya,LY,AFRICA,AFSE1,518873.30078125,57.0,9103.040364583334
CUSCINETTO A SFERE,Libya,LY,AFRICA,AFSE1,8916.0,57.0,156.42105263157896
TONDO,Libya,LY,AFRICA,AFSE1,8574.0,57.0,150.42105263157896
BUSSOLA,Libya,LY,AFRICA,AFSE1,8169.0,57.0,143.31578947368422
GUARNIZIONE,Libya,LY,AFRICA,AFSE1,8035.0,57.0,140.96491228070175
NASTRO,Lithuania,LT,EUROPA,NOCE1,45836.1875,32.0,1432.380859375
MOLLA A COMPRESSIONE,Lithuania,LT,EUROPA,NOCE1,5266.0,32.0,164.5625
PROFILO,Lithuania,LT,EUROPA,NOCE1,4505.0,32.0,140.78125
BUSSOLA,Lithuania,LT,EUROPA,NOCE1,1672.0,32.0,52.25
DISTANZIALE,Lithuania,LT,EUROPA,NOCE1,1096.0,32.0,34.25
NASTRO,MALAYSIA,MY,ASIA,RUME4,974373.6544876099,72.0,13532.967423439026
PROFILO,MALAYSIA,MY,ASIA,RUME4,23073.0,72.0,320.4583333333333
RONDELLA,MALAYSIA,MY,ASIA,RUME4,4707.0,72.0,65.375
CUSCINETTO A SFERE,MALAYSIA,MY,ASIA,RUME4,3561.0,72.0,49.458333333333336
VITE TE,MALAYSIA,MY,ASIA,RUME4,3195.0,72.0,44.375
CATENA,MALDIVES,MV,ASIA,RUME3,18289.5,14.0,1306.392857142857
CUSCINETTO A SFERE,MALDIVES,MV,ASIA,RUME3,2437.0,14.0,174.07142857142858
GUARNIZIONE,MALDIVES,MV,ASIA,RUME3,1319.0,14.0,94.21428571428571
GRUPPO RICAMBI,MALDIVES,MV,ASIA,RUME3,1020.0,14.0,72.85714285714286
VITE TCEI,MALDIVES,MV,ASIA,RUME3,1018.0,14.0,72.71428571428571
POSYC (PROG.),MALI,ML,AFRICA,AFSE5,2.0,4.0,0.5
SCHEDA (PROG.),MALI,ML,AFRICA,AFSE5,2.0,4.0,0.5
PROFILO,MALTA,MT,EUROPA,NOCE4,15538.0,7.0,2219.714285714286
NASTRO,MALTA,MT,EUROPA,NOCE4,12243.3125,7.0,1749.044642857143
GUIDA,MALTA,MT,EUROPA,NOCE4,892.0,7.0,127.42857142857143
ANELLO SEEGER,MALTA,MT,EUROPA,NOCE4,560.0,7.0,80.0
VITE TBEI,MALTA,MT,EUROPA,NOCE4,460.0,7.0,65.71428571428571
GRUPPO FORMATRICE,MARTINIQUE,MQ,AMERICA,AMIP4,24.0,1.0,24.0
PIATTO,MARTINIQUE,MQ,AMERICA,AMIP4,9.0,1.0,9.0
CATENA,MARTINIQUE,MQ,AMERICA,AMIP4,8.0,1.0,8.0
NASTRO,MARTINIQUE,MQ,AMERICA,AMIP4,6.0,1.0,6.0
CATENA SEMPLICE,MARTINIQUE,MQ,AMERICA,AMIP4,4.0,1.0,4.0
NASTRO,MAURITIUS,MU,AFRICA,AFSE4,149587.625,8.0,18698.453125
PROFILO,MAURITIUS,MU,AFRICA,AFSE4,5682.0,8.0,710.25
CUSCINETTO A SFERE,MAURITIUS,MU,AFRICA,AFSE4,783.0,8.0,97.875
ANELLO SEEGER,MAURITIUS,MU,AFRICA,AFSE4,600.0,8.0,75.0
RULLO,MAURITIUS,MU,AFRICA,AFSE4,437.0,8.0,54.625
NASTRO,MEXICO,MX,AMERICA,AMIP1,4341142.581787109,422.0,10287.067729353339
PROFILO,MEXICO,MX,AMERICA,AMIP1,395229.796875,422.0,936.5634997037914
PIATTO,MEXICO,MX,AMERICA,AMIP1,26354.0,422.0,62.45023696682465
CUSCINETTO A SFERE,MEXICO,MX,AMERICA,AMIP1,21003.0,422.0,49.77014218009479
RULLO,MEXICO,MX,AMERICA,AMIP1,15084.0,422.0,35.74407582938389
NASTRO,MOROCCO,MA,AFRICA,AFSE1,812472.806640625,91.0,8928.27260044643
PROFILO,MOROCCO,MA,AFRICA,AFSE1,39811.0,91.0,437.4835164835165
GUARNIZIONE,MOROCCO,MA,AFRICA,AFSE1,10584.0,91.0,116.3076923076923
TONDO,MOROCCO,MA,AFRICA,AFSE1,7715.0,91.0,84.78021978021978
CUSCINETTO A SFERE,MOROCCO,MA,AFRICA,AFSE1,7058.0,91.0,77.56043956043956
VITE TBEI,Macedonia,MK,EUROPA,NOCE4,980.0,14.0,70.0
VITE TCEI,Macedonia,MK,EUROPA,NOCE4,700.0,14.0,50.0
TONDO,Macedonia,MK,EUROPA,NOCE4,629.0,14.0,44.92857142857143
PROFILO,Macedonia,MK,EUROPA,NOCE4,526.0,14.0,37.57142857142857
GRUPPO RICAMBI,Macedonia,MK,EUROPA,NOCE4,513.0,14.0,36.642857142857146
GUARNIZIONE,Madagascar,MG,AFRICA,AFSE4,468.0,12.0,39.0
GRUPPO TENDITORE,Madagascar,MG,AFRICA,AFSE4,260.0,12.0,21.666666666666668
LAMPADA INFRAROSSO,Madagascar,MG,AFRICA,AFSE4,164.0,12.0,13.666666666666666
MODULO,Madagascar,MG,AFRICA,AFSE4,128.0,12.0,10.666666666666666
GRUPPO RICAMBI,Madagascar,MG,AFRICA,AFSE4,124.0,12.0,10.333333333333334
RULLO,Malawi,MW,AFRICA,AFSE4,810.0,1.0,810.0
PIATTO,Malawi,MW,AFRICA,AFSE4,340.0,1.0,340.0
GUIDA,Malawi,MW,AFRICA,AFSE4,208.0,1.0,208.0
VITE TSPEI,Malawi,MW,AFRICA,AFSE4,200.0,1.0,200.0
TONDO,Malawi,MW,AFRICA,AFSE4,152.0,1.0,152.0
PIATTO,Mayotte,YT,AFRICA,AFSE4,185.0,1.0,185.0
CUSCINETTO A SFERE,Mayotte,YT,AFRICA,AFSE4,169.0,1.0,169.0
GHIERA,Mayotte,YT,AFRICA,AFSE4,100.0,1.0,100.0
CAMERA D'ARIA,Mayotte,YT,AFRICA,AFSE4,40.0,1.0,40.0
MOLLA,Mayotte,YT,AFRICA,AFSE4,40.0,1.0,40.0
NASTRO,"Moldova, Rep. of",MD,EUROPA,NOCE3,55062.1484375,14.0,3933.0106026785716
PROFILO,"Moldova, Rep. of",MD,EUROPA,NOCE3,7018.0,14.0,501.2857142857143
VITE TSPEI,"Moldova, Rep. of",MD,EUROPA,NOCE3,400.0,14.0,28.571428571428573
RULLO,"Moldova, Rep. of",MD,EUROPA,NOCE3,291.0,14.0,20.785714285714285
BUSSOLA,"Moldova, Rep. of",MD,EUROPA,NOCE3,254.0,14.0,18.142857142857142
CUSCINETTO A SFERE,Montenegro,ME,EUROPA,NOCE4,127.0,8.0,15.875
VITE TBEI,Montenegro,ME,EUROPA,NOCE4,80.0,8.0,10.0
PETTINE DI TRASFERIMENTO,Montenegro,ME,EUROPA,NOCE4,45.0,8.0,5.625
ISOLA DIGITALE UL,Montenegro,ME,EUROPA,NOCE4,31.0,8.0,3.875
PIATTO,Montenegro,ME,EUROPA,NOCE4,25.0,8.0,3.125
CATENA SEMPLICE,Mozambique,MZ,AFRICA,AFSE4,1200.0,8.0,150.0
PIATTO,Mozambique,MZ,AFRICA,AFSE4,769.0,8.0,96.125
VITE TSPEI,Mozambique,MZ,AFRICA,AFSE4,410.0,8.0,51.25
LEVA,Mozambique,MZ,AFRICA,AFSE4,330.0,8.0,41.25
CINGHIA DENTATA,Mozambique,MZ,AFRICA,AFSE4,311.0,8.0,38.875
NASTRO,Myanmar,MM,ASIA,RUME4,134213.60546875,6.0,22368.934244791668
PROFILO,Myanmar,MM,ASIA,RUME4,4874.0,6.0,812.3333333333334
CAVO,Myanmar,MM,ASIA,RUME4,759.0,6.0,126.5
RULLO,Myanmar,MM,ASIA,RUME4,560.0,6.0,93.33333333333333
PIATTO,Myanmar,MM,ASIA,RUME4,324.0,6.0,54.0
NASTRO,NICARAGUA,NI,AMERICA,AMIP2,389985.4140625,6.0,64997.569010416664
PROFILO,NICARAGUA,NI,AMERICA,AMIP2,23993.0,6.0,3998.8333333333335
CATENA SEMPLICE,NICARAGUA,NI,AMERICA,AMIP2,3421.0,6.0,570.1666666666666
CUSCINETTO A SFERE,NICARAGUA,NI,AMERICA,AMIP2,2439.0,6.0,406.5
PIATTO,NICARAGUA,NI,AMERICA,AMIP2,1736.0,6.0,289.3333333333333
PROFILO,NIGER,NE,AFRICA,AFSE5,1792.0,15.0,119.46666666666667
VITE TCEI,NIGER,NE,AFRICA,AFSE5,500.0,15.0,33.333333333333336
GRUPPO RICAMBI,NIGER,NE,AFRICA,AFSE5,261.0,15.0,17.4
PIATTO,NIGER,NE,AFRICA,AFSE5,248.0,15.0,16.533333333333335
RALLA,NIGER,NE,AFRICA,AFSE5,190.0,15.0,12.666666666666666
NASTRO,Netherlands,NL,EUROPA,NOCE2,21377.0,17.0,1257.4705882352941
MOLLA,Netherlands,NL,EUROPA,NOCE2,822.0,17.0,48.35294117647059
PIATTO,Netherlands,NL,EUROPA,NOCE2,530.0,17.0,31.176470588235293
CUSCINETTO A SFERE,Netherlands,NL,EUROPA,NOCE2,476.0,17.0,28.0
PROFILO,Netherlands,NL,EUROPA,NOCE2,450.0,17.0,26.470588235294116
PROFILO,New Zealand,NZ,OCEANIA,FASP1,1156.0,14.0,82.57142857142857
PIGNONE PER NASTRO,New Zealand,NZ,OCEANIA,FASP1,207.0,14.0,14.785714285714286
LEVA,New Zealand,NZ,OCEANIA,FASP1,148.0,14.0,10.571428571428571
TONDO,New Zealand,NZ,OCEANIA,FASP1,136.0,14.0,9.714285714285714
MOLLA A COMPRESSIONE,New Zealand,NZ,OCEANIA,FASP1,73.0,14.0,5.214285714285714
NASTRO,Nigeria,NG,AFRICA,AFSE5,215956.59375,16.0,13497.287109375
PROFILO,Nigeria,NG,AFRICA,AFSE5,7318.0,16.0,457.375
CATENA SEMPLICE,Nigeria,NG,AFRICA,AFSE5,3818.25,16.0,238.640625
RULLO,Nigeria,NG,AFRICA,AFSE5,644.0,16.0,40.25
PIGNONE PER NASTRO,Nigeria,NG,AFRICA,AFSE5,359.0,16.0,22.4375
NASTRO,Norway,NO,EUROPA,NOCE1,76981.31567382812,122.0,630.994390769083
GUARNIZIONE,Norway,NO,EUROPA,NOCE1,13397.0,122.0,109.81147540983606
PROFILO,Norway,NO,EUROPA,NOCE1,4408.0,122.0,36.131147540983605
MOLLA A COMPRESSIONE,Norway,NO,EUROPA,NOCE1,2021.0,122.0,16.565573770491802
GRUPPO RICAMBI,Norway,NO,EUROPA,NOCE1,1424.0,122.0,11.672131147540984
NASTRO,Oman,OM,ASIA,RUME2,39796.904296875,33.0,1205.966796875
PROFILO,Oman,OM,ASIA,RUME2,4961.0,33.0,150.33333333333334
GUARNIZIONE,Oman,OM,ASIA,RUME2,2254.0,33.0,68.3030303030303
MOLLA A COMPRESSIONE,Oman,OM,ASIA,RUME2,1356.0,33.0,41.09090909090909
CUSCINETTO A SFERE,Oman,OM,ASIA,RUME2,1099.0,33.0,33.303030303030305
NASTRO,PAKISTAN,PK,ASIA,RUME3,850850.0859375,64.0,13294.532592773438
PROFILO,PAKISTAN,PK,ASIA,RUME3,57889.0,64.0,904.515625
RULLO,PAKISTAN,PK,ASIA,RUME3,4275.0,64.0,66.796875
GRANO,PAKISTAN,PK,ASIA,RUME3,3607.0,64.0,56.359375
PIATTO,PAKISTAN,PK,ASIA,RUME3,3089.0,64.0,48.265625
SUPPORTO,PANAMA,PA,AMERICA,AMIP2,48.0,2.0,24.0
MOLLA A TAZZA,PANAMA,PA,AMERICA,AMIP2,40.0,2.0,20.0
MOLLA A COMPRESSIONE,PANAMA,PA,AMERICA,AMIP2,30.0,2.0,15.0
RONDELLA,PANAMA,PA,AMERICA,AMIP2,30.0,2.0,15.0
RESISTENZA ALETTATA,PANAMA,PA,AMERICA,AMIP2,9.0,2.0,4.5
NASTRO,PERU,PE,AMERICA,AMIP3,265397.37109375,29.0,9151.633485991379
PROFILO,PERU,PE,AMERICA,AMIP3,8976.0,29.0,309.51724137931035
RULLO,PERU,PE,AMERICA,AMIP3,1129.0,29.0,38.93103448275862
CUSCINETTO A SFERE,PERU,PE,AMERICA,AMIP3,771.0,29.0,26.586206896551722
MOLLA A TAZZA,PERU,PE,AMERICA,AMIP3,680.0,29.0,23.448275862068964
CATENA CERNIERA SINGOLA,PHILIPPINES,PH,ASIA,RUME4,252984.0,33.0,7666.181818181818
NASTRO,PHILIPPINES,PH,ASIA,RUME4,244591.275390625,33.0,7411.856830018939
CATENA SEMPLICE,PHILIPPINES,PH,ASIA,RUME4,19894.87548828125,33.0,602.8750147964015
PROFILO,PHILIPPINES,PH,ASIA,RUME4,18338.5859375,33.0,555.7147253787879
GUARNIZIONE,PHILIPPINES,PH,ASIA,RUME4,8947.0,33.0,271.1212121212121
NASTRO,POLAND,PL,EUROPA,NOCE3,876289.423828125,218.0,4019.6762560923166
PROFILO,POLAND,PL,EUROPA,NOCE3,47309.0,218.0,217.0137614678899
CATENA SEMPLICE,POLAND,PL,EUROPA,NOCE3,9387.73828125,218.0,43.06301963876147
GUARNIZIONE,POLAND,PL,EUROPA,NOCE3,7522.0,218.0,34.5045871559633
VITE TBEI,POLAND,PL,EUROPA,NOCE3,4477.0,218.0,20.53669724770642
BUSSOLA,PUERTO RICO,PR,AMERICA,AMIP4,224.0,4.0,56.0
PERNO,PUERTO RICO,PR,AMERICA,AMIP4,193.0,4.0,48.25
FIBRA OTTICA,PUERTO RICO,PR,AMERICA,AMIP4,140.0,4.0,35.0
CAVO,PUERTO RICO,PR,AMERICA,AMIP4,124.0,4.0,31.0
CUSCINETTO A SFERE,PUERTO RICO,PR,AMERICA,AMIP4,120.0,4.0,30.0
NASTRO,Palestinian Territory,PS,ASIA,RUME2,12294.76953125,14.0,878.1978236607143
PROFILO,Palestinian Territory,PS,ASIA,RUME2,4068.0,14.0,290.57142857142856
GUARNIZIONE,Palestinian Territory,PS,ASIA,RUME2,755.0,14.0,53.92857142857143
CUSCINETTO A SFERE,Palestinian Territory,PS,ASIA,RUME2,576.0,14.0,41.142857142857146
PIATTO,Palestinian Territory,PS,ASIA,RUME2,530.0,14.0,37.857142857142854
GRUPPO RICAMBI,Papua New Guinea,PG,OCEANIA,FASP3,701.0,1.0,701.0
LAMPADA INFRAROSSO,Papua New Guinea,PG,OCEANIA,FASP3,492.0,1.0,492.0
CUSCINETTO A SFERE,Papua New Guinea,PG,OCEANIA,FASP3,434.0,1.0,434.0
TONDO,Papua New Guinea,PG,OCEANIA,FASP3,421.0,1.0,421.0
PRESA PREFORME PCO/BPF/267Novembal,Papua New Guinea,PG,OCEANIA,FASP3,296.0,1.0,296.0
NASTRO,Paraguay,PY,AMERICA,AMIP3,258186.0,8.0,32273.25
PROFILO,Paraguay,PY,AMERICA,AMIP3,4654.0,8.0,581.75
RULLO,Paraguay,PY,AMERICA,AMIP3,444.0,8.0,55.5
RIVETTO,Paraguay,PY,AMERICA,AMIP3,400.0,8.0,50.0
PIATTO,Paraguay,PY,AMERICA,AMIP3,351.0,8.0,43.875
NASTRO,Portugal,PT,EUROPA,NOCE4,201825.86376953125,98.0,2059.447589485013
NASTRO,Portugal,PT,AFRICA,NOCE4,201825.86376953125,98.0,2059.447589485013
AISI304 (X5CrNi1810) BA,Portugal,PT,EUROPA,NOCE4,29440.0,98.0,300.40816326530614
AISI304 (X5CrNi1810) BA,Portugal,PT,AFRICA,NOCE4,29440.0,98.0,300.40816326530614
PROFILO,Portugal,PT,EUROPA,NOCE4,9329.0,98.0,95.1938775510204
NASTRO,Qatar,QA,ASIA,RUME2,61244.4912109375,67.0,914.0968837453358
CATENA CERNIERA SINGOLA,Qatar,QA,ASIA,RUME2,54864.0,67.0,818.8656716417911
GUARNIZIONE,Qatar,QA,ASIA,RUME2,11864.0,67.0,177.07462686567163
BUSSOLA,Qatar,QA,ASIA,RUME2,6010.0,67.0,89.70149253731343
PROFILO,Qatar,QA,ASIA,RUME2,4593.0,67.0,68.55223880597015
NASTRO,ROMANIA,RO,EUROPA,NOCE3,512910.72265625,142.0,3612.047342649648
PROFILO,ROMANIA,RO,EUROPA,NOCE3,51031.51953125,142.0,359.37689810739437
RULLO,ROMANIA,RO,EUROPA,NOCE3,4324.0,142.0,30.450704225352112
TONDO,ROMANIA,RO,EUROPA,NOCE3,3966.0,142.0,27.929577464788732
VITE TBEI,ROMANIA,RO,EUROPA,NOCE3,3720.0,142.0,26.197183098591548
NASTRO,RUSSIAN FEDERATION,RU,EUROPA,NOCE3,973172.2236328125,388.0,2508.175834105187
PROFILO,RUSSIAN FEDERATION,RU,EUROPA,NOCE3,119736.0,388.0,308.5979381443299
CUSCINETTO A SFERE,RUSSIAN FEDERATION,RU,EUROPA,NOCE3,8352.0,388.0,21.52577319587629
PIATTO,RUSSIAN FEDERATION,RU,EUROPA,NOCE3,5392.0,388.0,13.896907216494846
BUSSOLA,RUSSIAN FEDERATION,RU,EUROPA,NOCE3,4984.0,388.0,12.845360824742269
GRUPPO QUADRO MACCHINA,Republic of South Sudan,SS,AFRICA,AFSE1,1.0,1.0,1.0
NASTRO,Reunion Island,RE,AFRICA,AFSE4,21344.0,11.0,1940.3636363636363
PROFILO,Reunion Island,RE,AFRICA,AFSE4,1800.0,11.0,163.63636363636363
VITE TBEI,Reunion Island,RE,AFRICA,AFSE4,180.0,11.0,16.363636363636363
PIATTO,Reunion Island,RE,AFRICA,AFSE4,105.0,11.0,9.545454545454545
ANELLO SEEGER,Reunion Island,RE,AFRICA,AFSE4,100.0,11.0,9.090909090909092
NASTRO,SAINT LUCIA,LC,AMERICA,AMIP4,54979.96875,5.0,10995.99375
PROFILO,SAINT LUCIA,LC,AMERICA,AMIP4,4671.0,5.0,934.2
CATENA CERNIERA SINGOLA,SAINT LUCIA,LC,AMERICA,AMIP4,3048.0,5.0,609.6
CUSCINETTO A SFERE,SAINT LUCIA,LC,AMERICA,AMIP4,806.0,5.0,161.2
VITE TSPEI,SAINT LUCIA,LC,AMERICA,AMIP4,590.0,5.0,118.0
MODULO,SEYCHELLES,SC,AFRICA,AFSE4,6.0,3.0,2.0
CINGHIA DENTATA,SEYCHELLES,SC,AFRICA,AFSE4,5.0,3.0,1.6666666666666667
GRUPPO MOTORE,SEYCHELLES,SC,AFRICA,AFSE4,1.0,3.0,0.3333333333333333
MOTORE BRUSHLESS CON DRIVER INTEGRATO,SEYCHELLES,SC,AFRICA,AFSE4,1.0,3.0,0.3333333333333333
NASTRO,Saudi Arabia,SA,ASIA,RUME2,224269.498046875,232.0,966.6788708917026
GUARNIZIONE,Saudi Arabia,SA,ASIA,RUME2,20578.0,232.0,88.69827586206897
CUSCINETTO A SFERE,Saudi Arabia,SA,ASIA,RUME2,17439.0,232.0,75.16810344827586
BUSSOLA,Saudi Arabia,SA,ASIA,RUME2,14274.0,232.0,61.525862068965516
PROFILO,Saudi Arabia,SA,ASIA,RUME2,13466.0,232.0,58.043103448275865
LAMPADA INFRAROSSO,Senegal,SN,AFRICA,AFSE5,600.0,6.0,100.0
CUSCINETTO A SFERE,Senegal,SN,AFRICA,AFSE5,469.0,6.0,78.16666666666667
GUARNIZIONE,Senegal,SN,AFRICA,AFSE5,442.0,6.0,73.66666666666667
DISTANZIALE,Senegal,SN,AFRICA,AFSE5,313.0,6.0,52.166666666666664
VITE TE,Senegal,SN,AFRICA,AFSE5,300.0,6.0,50.0
NASTRO,Serbia,RS,EUROPA,NOCE4,1135472.634765625,72.0,15770.45326063368
GUIDA,Serbia,RS,EUROPA,NOCE4,38219.0,72.0,530.8194444444445
PROFILO,Serbia,RS,EUROPA,NOCE4,30249.0,72.0,420.125
VITE TBEI,Serbia,RS,EUROPA,NOCE4,4700.0,72.0,65.27777777777777
CUSCINETTO A SFERE,Serbia,RS,EUROPA,NOCE4,3140.0,72.0,43.611111111111114
NASTRO,Slovakia,SK,EUROPA,NOCE3,155499.0,26.0,5980.7307692307695
PROFILO,Slovakia,SK,EUROPA,NOCE3,9350.0,26.0,359.61538461538464
GRANO,Slovakia,SK,EUROPA,NOCE3,2050.0,26.0,78.84615384615384
DISTANZIALE,Slovakia,SK,EUROPA,NOCE3,990.0,26.0,38.07692307692308
CUSCINETTO A SFERE,Slovakia,SK,EUROPA,NOCE3,818.0,26.0,31.46153846153846
NASTRO,Slovenia,SI,EUROPA,NOCE4,6127.619140625,24.0,255.31746419270834
PROFILO,Slovenia,SI,EUROPA,NOCE4,3000.0,24.0,125.0
VITE TBEI,Slovenia,SI,EUROPA,NOCE4,810.0,24.0,33.75
MOLLA,Slovenia,SI,EUROPA,NOCE4,480.0,24.0,20.0
PIATTO,Slovenia,SI,EUROPA,NOCE4,217.0,24.0,9.041666666666666
NASTRO,South Africa,ZA,AFRICA,AFSE3,332588.5078125,103.0,3229.0146389563106
PROFILO,South Africa,ZA,AFRICA,AFSE3,31610.0,103.0,306.8932038834951
GUARNIZIONE,South Africa,ZA,AFRICA,AFSE3,3197.80078125,103.0,31.04660952669903
MOLLA,South Africa,ZA,AFRICA,AFSE3,2551.0,103.0,24.766990291262136
CUSCINETTO A SFERE,South Africa,ZA,AFRICA,AFSE3,2516.0,103.0,24.42718446601942
NASTRO,South Korea,KR,ASIA,RUME1,60015.693359375,109.0,550.6026913704128
PROFILO,South Korea,KR,ASIA,RUME1,17204.0546875,109.0,157.8353641055046
CUSCINETTO A SFERE,South Korea,KR,ASIA,RUME1,4314.0,109.0,39.57798165137615
RULLO,South Korea,KR,ASIA,RUME1,2999.0,109.0,27.513761467889907
RONDELLA,South Korea,KR,ASIA,RUME1,2378.0,109.0,21.81651376146789
NASTRO,Spain,ES,EUROPA,NOCE4,1018324.1513671875,475.0,2143.8403186677633
NASTRO,Spain,ES,AFRICA,NOCE4,1018324.1513671875,475.0,2143.8403186677633
GUIDA,Spain,ES,EUROPA,NOCE4,23336.0,475.0,49.12842105263158
GUIDA,Spain,ES,AFRICA,NOCE4,23336.0,475.0,49.12842105263158
PROFILO,Spain,ES,EUROPA,NOCE4,21916.0,475.0,46.13894736842105
NASTRO,Sri Lanka,LK,ASIA,RUME3,42688.0,4.0,10672.0
PIOLO SEPARATORE,Sri Lanka,LK,ASIA,RUME3,201.0,4.0,50.25
PETTINE,Sri Lanka,LK,ASIA,RUME3,192.0,4.0,48.0
RULLO,Sri Lanka,LK,ASIA,RUME3,172.0,4.0,43.0
TONDO,Sri Lanka,LK,ASIA,RUME3,163.0,4.0,40.75
NASTRO,Sudan,SD,AFRICA,AFSE1,442586.19140625,23.0,19242.87788722826
PROFILO,Sudan,SD,AFRICA,AFSE1,9674.0,23.0,420.60869565217394
GUIDA,Sudan,SD,AFRICA,AFSE1,1251.0,23.0,54.391304347826086
PIATTO,Sudan,SD,AFRICA,AFSE1,1250.0,23.0,54.34782608695652
TONDO,Sudan,SD,AFRICA,AFSE1,1191.0,23.0,51.78260869565217
NASTRO,Suriname,SR,AMERICA,AMIP3,12356.546875,2.0,6178.2734375
PROFILO,Suriname,SR,AMERICA,AMIP3,500.0,2.0,250.0
CUSCINETTO A SFERE,Suriname,SR,AMERICA,AMIP3,486.0,2.0,243.0
ANELLO SEEGER,Suriname,SR,AMERICA,AMIP3,380.0,2.0,190.0
PIOLO SEPARATORE,Suriname,SR,AMERICA,AMIP3,242.0,2.0,121.0
NASTRO,Sweden,SE,EUROPA,NOCE1,161653.958984375,91.0,1776.4171316964287
PROFILO,Sweden,SE,EUROPA,NOCE1,7508.0,91.0,82.50549450549451
CATENA CERNIERA SINGOLA,Sweden,SE,EUROPA,NOCE1,6096.0,91.0,66.98901098901099
GUARNIZIONE,Sweden,SE,EUROPA,NOCE1,3266.0,91.0,35.89010989010989
DISTANZIALE,Sweden,SE,EUROPA,NOCE1,1333.0,91.0,14.648351648351648
NASTRO,Switzerland,CH,EUROPA,NOCE2,79534.943359375,19.0,4186.049650493421
CATENA CERNIERA SINGOLA,Switzerland,CH,EUROPA,NOCE2,9144.0,19.0,481.2631578947368
CUSCINETTO A SFERE,Switzerland,CH,EUROPA,NOCE2,1045.0,19.0,55.0
ANELLO SEEGER,Switzerland,CH,EUROPA,NOCE2,904.0,19.0,47.578947368421055
PIATTO,Switzerland,CH,EUROPA,NOCE2,807.0,19.0,42.473684210526315
NASTRO,Syria,SY,ASIA,RUME2,88558.921875,38.0,2330.4979440789475
BUSSOLA,Syria,SY,ASIA,RUME2,1676.0,38.0,44.10526315789474
PROFILO,Syria,SY,ASIA,RUME2,1483.0,38.0,39.026315789473685
GUARNIZIONE,Syria,SY,ASIA,RUME2,724.0,38.0,19.05263157894737
FIBRA OTTICA,Syria,SY,ASIA,RUME2,600.0,38.0,15.789473684210526
NASTRO,TAIWAN R.O.C.,TW,ASIA,RUME1,189439.431640625,50.0,3788.7886328125
GUIDA,TAIWAN R.O.C.,TW,ASIA,RUME1,22229.0,50.0,444.58
PROFILO,TAIWAN R.O.C.,TW,ASIA,RUME1,10077.0,50.0,201.54
CUSCINETTO A SFERE,TAIWAN R.O.C.,TW,ASIA,RUME1,1590.0,50.0,31.8
PIGNONE PER NASTRO,TAIWAN R.O.C.,TW,ASIA,RUME1,1079.0,50.0,21.58
NASTRO,TANZANIA,TZ,AFRICA,AFSE4,189436.96875,23.0,8236.389945652174
PROFILO,TANZANIA,TZ,AFRICA,AFSE4,8650.0,23.0,376.0869565217391
GUARNIZIONE,TANZANIA,TZ,AFRICA,AFSE4,1626.0,23.0,70.69565217391305
CUSCINETTO A SFERE,TANZANIA,TZ,AFRICA,AFSE4,893.0,23.0,38.82608695652174
GRUPPO RICAMBI,TANZANIA,TZ,AFRICA,AFSE4,714.0,23.0,31.043478260869566
NASTRO,THAILAND,TH,ASIA,RUME4,520384.49609375,162.0,3212.2499758873455
PROFILO,THAILAND,TH,ASIA,RUME4,13742.0,162.0,84.82716049382717
ANELLO SEEGER,THAILAND,TH,ASIA,RUME4,2997.0,162.0,18.5
CUSCINETTO A SFERE,THAILAND,TH,ASIA,RUME4,2640.0,162.0,16.296296296296298
RONDELLA,THAILAND,TH,ASIA,RUME4,2557.0,162.0,15.783950617283951
NASTRO,TRINIDAD AND TOBAGO,TT,AMERICA,AMIP4,73191.0,4.0,18297.75
PROFILO,TRINIDAD AND TOBAGO,TT,AMERICA,AMIP4,1266.0,4.0,316.5
PETTINE DI TRASFERIMENTO,TRINIDAD AND TOBAGO,TT,AMERICA,AMIP4,736.0,4.0,184.0
CAVO,TRINIDAD AND TOBAGO,TT,AMERICA,AMIP4,626.0,4.0,156.5
SENSORE,TRINIDAD AND TOBAGO,TT,AMERICA,AMIP4,207.0,4.0,51.75
NASTRO,TUNISIA,TN,AFRICA,AFSE1,632184.1171875,67.0,9435.583838619403
CATENA CERNIERA DOPPIA,TUNISIA,TN,AFRICA,AFSE1,24384.0,67.0,363.94029850746267
PROFILO,TUNISIA,TN,AFRICA,AFSE1,13577.0,67.0,202.6417910447761
CATENA CERNIERA SINGOLA,TUNISIA,TN,AFRICA,AFSE1,12232.0,67.0,182.56716417910448
PIATTO,TUNISIA,TN,AFRICA,AFSE1,1666.0,67.0,24.865671641791046
NASTRO,TURKEY,TR,EUROPA,NOCE4,961394.078125,331.0,2904.5138311933533
PROFILO,TURKEY,TR,EUROPA,NOCE4,86488.0,331.0,261.2930513595166
RULLO,TURKEY,TR,EUROPA,NOCE4,9006.0,331.0,27.20845921450151
MOLLA A COMPRESSIONE,TURKEY,TR,EUROPA,NOCE4,8995.0,331.0,27.17522658610272
GRUPPO RICAMBI,TURKEY,TR,EUROPA,NOCE4,6910.0,331.0,20.876132930513595
GRUPPO RICAMBI,TURKMENISTAN,TM,ASIA,AS,313.0,4.0,78.25
AMMORTIZZATORE,TURKMENISTAN,TM,ASIA,AS,237.0,4.0,59.25
CAPPUCCIO SGANCIO PREF. 29/25,TURKMENISTAN,TM,ASIA,AS,217.0,4.0,54.25
LAMPADA INFRAROSSO,TURKMENISTAN,TM,ASIA,AS,108.0,4.0,27.0
GUARNIZIONE,TURKMENISTAN,TM,ASIA,AS,106.0,4.0,26.5
NASTRO,Tajikistan,TJ,ASIA,AS,25986.203125,4.0,6496.55078125
PROFILO,Tajikistan,TJ,ASIA,AS,4600.0,4.0,1150.0
CUSCINETTO A SFERE,Tajikistan,TJ,ASIA,AS,248.0,4.0,62.0
ANELLO SEEGER,Tajikistan,TJ,ASIA,AS,184.0,4.0,46.0
PETTINE DI TRASFERIMENTO,Tajikistan,TJ,ASIA,AS,174.0,4.0,43.5
PRESA PREFORME 29/25,UGANDA,UG,AFRICA,AFSE4,4068.0,7.0,581.1428571428571
GRUPPO RICAMBI,UGANDA,UG,AFRICA,AFSE4,1622.0,7.0,231.71428571428572
GUARNIZIONE,UGANDA,UG,AFRICA,AFSE4,1210.0,7.0,172.85714285714286
LAMPADA INFRAROSSO,UGANDA,UG,AFRICA,AFSE4,1124.0,7.0,160.57142857142858
TONDO,UGANDA,UG,AFRICA,AFSE4,520.0,7.0,74.28571428571429
NASTRO,UKRAINE,UA,EUROPA,NOCE3,384309.62890625,92.0,4177.278575067935
PROFILO,UKRAINE,UA,EUROPA,NOCE3,43420.0,92.0,471.95652173913044
CUSCINETTO A SFERE,UKRAINE,UA,EUROPA,NOCE3,4901.0,92.0,53.27173913043478
GUARNIZIONE,UKRAINE,UA,EUROPA,NOCE3,4767.0,92.0,51.81521739130435
GRUPPO RICAMBI,UKRAINE,UA,EUROPA,NOCE3,3511.0,92.0,38.16304347826087
NASTRO,UNITED ARAB EMIRATES,AE,ASIA,RUME2,170965.05078125,64.0,2671.3289184570312
PROFILO,UNITED ARAB EMIRATES,AE,ASIA,RUME2,7325.0,64.0,114.453125
MOLLA A COMPRESSIONE,UNITED ARAB EMIRATES,AE,ASIA,RUME2,4610.0,64.0,72.03125
GRUPPO RICAMBI,UNITED ARAB EMIRATES,AE,ASIA,RUME2,1279.0,64.0,19.984375
GUARNIZIONE,UNITED ARAB EMIRATES,AE,ASIA,RUME2,1077.0,64.0,16.828125
NASTRO,UNITED KINGDOM,GB,EUROPA,NOCE1,531997.89453125,149.0,3570.4556679949665
PROFILO,UNITED KINGDOM,GB,EUROPA,NOCE1,66242.0,149.0,444.5771812080537
GUARNIZIONE,UNITED KINGDOM,GB,EUROPA,NOCE1,10952.0,149.0,73.50335570469798
PIATTO,UNITED KINGDOM,GB,EUROPA,NOCE1,4425.0,149.0,29.697986577181208
CUSCINETTO A SFERE,UNITED KINGDOM,GB,EUROPA,NOCE1,4002.0,149.0,26.859060402684563
NASTRO,URUGUAY,UY,AMERICA,AMIP3,89873.0,9.0,9985.888888888889
PROFILO,URUGUAY,UY,AMERICA,AMIP3,600.0,9.0,66.66666666666667
GUARNIZIONE,URUGUAY,UY,AMERICA,AMIP3,412.0,9.0,45.77777777777778
LAMPADA INFRAROSSO,URUGUAY,UY,AMERICA,AMIP3,273.0,9.0,30.333333333333332
PIATTO,URUGUAY,UY,AMERICA,AMIP3,241.0,9.0,26.77777777777778
NASTRO,USA,US,AMERICA,AMIP1,2811049.72265625,261.0,10770.30545079023
PROFILO,USA,US,AMERICA,AMIP1,127414.0,261.0,488.176245210728
PIATTO,USA,US,AMERICA,AMIP1,16219.0,261.0,62.14176245210728
CUSCINETTO A SFERE,USA,US,AMERICA,AMIP1,13513.0,261.0,51.77394636015325
RONDELLA,USA,US,AMERICA,AMIP1,10055.0,261.0,38.524904214559385
NASTRO,UZBEKISTAN,UZ,ASIA,AS,9175.4375,63.0,145.6418650793651
PROFILO,UZBEKISTAN,UZ,ASIA,AS,3503.0,63.0,55.6031746031746
VITE TBEI,UZBEKISTAN,UZ,ASIA,AS,400.0,63.0,6.349206349206349
CUSCINETTO A SFERE,UZBEKISTAN,UZ,ASIA,AS,388.0,63.0,6.158730158730159
GUARNIZIONE,UZBEKISTAN,UZ,ASIA,AS,222.0,63.0,3.5238095238095237
NASTRO,VENEZUELA,VE,AMERICA,AMIP3,18398.8984375,36.0,511.08051215277777
PROFILO,VENEZUELA,VE,AMERICA,AMIP3,7050.0,36.0,195.83333333333334
CATENA SEMPLICE,VENEZUELA,VE,AMERICA,AMIP3,2581.5,36.0,71.70833333333333
VITE TBEI,VENEZUELA,VE,AMERICA,AMIP3,1190.0,36.0,33.05555555555556
PETTINE DI TRASFERIMENTO,VENEZUELA,VE,AMERICA,AMIP3,638.0,36.0,17.72222222222222
NASTRO,VIETNAM,VN,ASIA,RUME4,1731267.40625,110.0,15738.794602272726
PROFILO,VIETNAM,VN,ASIA,RUME4,100495.0,110.0,913.5909090909091
RULLO,VIETNAM,VN,ASIA,RUME4,7176.0,110.0,65.23636363636363
PIOLO SEPARATORE,VIETNAM,VN,ASIA,RUME4,5586.0,110.0,50.78181818181818
PIATTO,VIETNAM,VN,ASIA,RUME4,3214.0,110.0,29.21818181818182
PROFILO,YEMEN,YE,ASIA,RUME2,9962.0,58.0,171.75862068965517
GUARNIZIONE,YEMEN,YE,ASIA,RUME2,6856.0,58.0,118.20689655172414
VITE TCEI,YEMEN,YE,ASIA,RUME2,6762.0,58.0,116.58620689655173
RONDELLA,YEMEN,YE,ASIA,RUME2,6164.0,58.0,106.27586206896552
RACCORDO,YEMEN,YE,ASIA,RUME2,4231.0,58.0,72.94827586206897
NASTRO,ZAMBIA,ZM,AFRICA,AFSE4,24551.9453125,6.0,4091.9908854166665
PROFILO,ZAMBIA,ZM,AFRICA,AFSE4,3853.0,6.0,642.1666666666666
PERNO,ZAMBIA,ZM,AFRICA,AFSE4,2867.0,6.0,477.8333333333333
CUSCINETTO A SFERE,ZAMBIA,ZM,AFRICA,AFSE4,2433.0,6.0,405.5
BUSSOLA,ZAMBIA,ZM,AFRICA,AFSE4,1742.0,6.0,290.3333333333333
PROFILO,ZIMBABWE,ZW,AFRICA,AFSE4,5012.0,4.0,1253.0
NASTRO,ZIMBABWE,ZW,AFRICA,AFSE4,250.5,4.0,62.625
PIATTO,ZIMBABWE,ZW,AFRICA,AFSE4,191.0,4.0,47.75
RESISTENZA ALETTATA,ZIMBABWE,ZW,AFRICA,AFSE4,189.0,4.0,47.25
VITE TBEI,ZIMBABWE,ZW,AFRICA,AFSE4,150.0,4.0,37.5
